序号,工程名称,建设单位,工程属地,项目地点,建筑面积（㎡）
1,嘉善拳王置业有限公司拳王水街项目,嘉善拳王置业有限公司,大云镇,大云镇缪家村干经港东侧,34172.28
2,嘉善大云旅游实业有限公司大云镇安置小区建设用房二期项目,嘉善大云旅游实业有限公司,大云镇,大云镇溪北路西侧,92477.69
3,嘉善云智实业有限公司5G智能智造产业基地一期A区项目,嘉善云智实业有限公司,大云镇,大云镇康兴工业园,5792.19
4,浙江明源电力科技股份有限公司1#车间,浙江明源电力科技股份有限公司,大云镇,大云镇工业园区,7811.9
5,嘉善大云镇旅游投资管理有限公司嘉善巧克力甜蜜小镇殷家桥码头公园项目,嘉善大云镇旅游投资管理有限公司,大云镇,大云镇缪家村殷家桥港北侧,717.05
6,嘉兴乐豪绢丝绸科技有限公司1#车间、门卫,嘉兴乐豪绢丝绸科技有限公司,大云镇,大云镇云寺西路211号,19386.71
7,嘉善云智实业有限公司新建厂房A、新建厂房B,嘉善云智实业有限公司,大云镇,大云镇缪家村,28636.23
8,华夏幸福（嘉善）文化影视产业园投资有限公司嘉善影视中心（北区）,华夏幸福（嘉善）文化影视产业园投资有限公司,大云镇,大云镇江家村，规划经十三路东侧,34012.46
9,嘉善县大云镇缪家村股份经济合作社甜蜜小镇党群服务中心（一期）,嘉善县大云镇缪家村股份经济合作社,大云镇,大云镇缪家村,772.18
10,歌斐颂食品有限公司3#车间,歌斐颂食品有限公司,大云镇,大云镇巧克力大道8号,6834.93
11,嘉善鑫耀房地产开发有限公司星辰苑,嘉善鑫耀房地产开发有限公司,大云镇,大云镇江家村、钱泾港东侧、双云路南侧,89996.49
12,嘉善华盛塑料管厂3#车间,嘉善华盛塑料管厂,大云镇,嘉善县大云镇杜鹃路3号,4002.49
13,嘉善县大地污水处理工程有限公司大云镇污水管道改造工程,嘉善县大地污水处理工程有限公司,大云镇,嘉善县大云镇,0
14,浙江百康光学股份有限公司1#车间、2#车间、门卫、配电房,浙江百康光学股份有限公司,大云镇,大云镇云寺西路258号,40038.59
15,嘉善大云旅游实业有限公司嘉善大云幼儿园前道路工程,嘉善大云旅游实业有限公司,大云镇,大云镇,0
16,嘉善县资产经营有限公司长三角（嘉善）金融创新中心大型金融机构、国际金融中心、商务酒店、商务办公地下室,嘉善县资产经营有限公司,大云镇,大云镇杨桥村、嘉善大道、纬二路南侧,387932.53
17,嘉善誉鸿房地产开发有限责任公司干窑镇2018-23号地块住宅项目合同一段配套1#楼、1#-5#楼,嘉善誉鸿房地产开发有限责任公司,干窑镇,干窑镇亭子桥港南侧、镇北路东延伸段北侧,54322.45
18,浙江派沃克工具股份有限公司1#车间、2#车间、3#研发车间、门卫,浙江派沃克工具股份有限公司,干窑镇,干窑镇工业园区,32840.3
19,嘉善万洋众创城开发股份有限公司嘉善万洋机器人众创城C01-C02#楼、,嘉善万洋众创城开发股份有限公司,干窑镇,干窑镇工业园区,12977.36
20,浙江万正电子科技有限公司生产车间、食堂及宿舍、研发车间、甲类仓库、丁类仓库、门卫,浙江万正电子科技有限公司,干窑镇,干窑镇工业园区,38012.96
21,浙江丰源工具有限公司扩建工程4#车间,浙江丰源工具有限公司,干窑镇,干窑镇亭耀东路,7646.71
22,嘉善万洋众创城开发股份有限公司嘉善万洋机器人众创城A01-A02#楼、A07-A12#楼,嘉善万洋众创城开发股份有限公司,干窑镇,嘉善干窑镇黎明村,152196.95
23,嘉善万洋机器人众创城项目一期三标段,嘉善万洋众创城开发股份有限公司,干窑镇,嘉善干窑镇黎明村,128845.81
24,嘉兴五洲轴承科技有限公司生产车间,嘉兴五洲轴承科技有限公司,干窑镇,干窑镇宏伟北路12号,9796.65
25,嘉善县干窑镇南宙村股份经济合作社干窑镇南宙村文化礼堂,嘉善县干窑镇南宙村股份经济合作社,干窑镇,干窑镇南宙村,2185.62
26,嘉善万洋众创城开发股份有限公司嘉善万洋机器人众创城项目一期四标段工业D01#楼、 工业D02#楼,嘉善万洋众创城开发股份有限公司,干窑镇,干窑镇黎明村,77447.66
27,嘉善鸿翔中金置业有限公司东辰名邸,嘉善鸿翔中金置业有限,干窑镇,干窑镇三仙路南侧、乌桥路西侧、凤桐港北侧,128654.08
28,嘉善誉鸿房地产开发有限责任公司干窑镇2018-23号地块住宅项目合同二段,嘉善誉鸿房地产开发有限责任公司,干窑镇,干窑镇亭子桥港南侧、镇北路东延段北侧、善西公路东侧,132658.71
29,嘉善万洋众创城开发股份有限公司嘉善万洋机器人众创城项目一期五标段,嘉善万洋众创城开发股份有限公司,干窑镇,干窑镇黎明村,52104.85
30,浙江九天实业有限公司润泽华庭,浙江九天实业有限公司,干窑镇,干窑镇干窑村三仙村南侧，陆斜塘西侧，凤桐港北侧，乌桥路东侧,60870.97
31,嘉善县干窑城镇投资开发有限公司嘉善县干窑镇社会福利养老服务中心新建工程,嘉善县干窑城镇投资开发有限公司,干窑镇,嘉善县干窑镇南宙村,9969.3
32,嘉善县干窑城镇投资开发有限公司干窑镇亭桥路（宏伟路至俞曹路）,嘉善县干窑城镇投资开发有限公司,干窑镇,干窑镇工业园区,0
33,浙江霸器智能装备股份有限公司1#车间、配电房,浙江霸器智能装备股份有限公司,干窑镇,干窑镇干窑村,22769.9
34,嘉兴众凯电子有限公司生产车间,嘉兴众凯电子有限公司,干窑镇,干窑镇干窑村,23543.87
35,浙江江南户外用品有限公司研发车间、1#车间、2#车间、门卫,浙江江南户外用品有限公司,干窑镇,干窑镇干窑村,50432.28
36,嘉善美琦无纺布有限公司1#车间、2#车间,嘉善美琦无纺布有限公司,干窑镇,干窑镇干窑村,18745.02
37,嘉兴海科电气股份有限公司1#车间、2#车间、门卫,嘉兴海科电气股份有限公司,干窑镇,干窑镇黎明村,21198.19
38,嘉善县大地污水处理工程有限公司干窑镇污水管道改造工程,嘉善县大地污水处理工程有限公司,干窑镇,嘉善县干窑镇,0
39,嘉善县惠民新市镇投资开发有限公司惠民街道枫南小镇安置房项目,嘉善县惠民新市镇投资开发有限公司,惠民街道,惠民街道枫南村,140650.11
40,嘉善县惠民新市镇投资开发有限公司惠民街道横泾桥社区白漾里安置房项目,嘉善县惠民新市镇投资开发有限公司,惠民街道,惠民街道横泾桥社区,51737.48
41,浙江爱仕达生活电器有限公司8#厂房,浙江爱仕达生活电器有限公司,惠民街道,惠民街道黄河路69号,56130.21
42,嘉善经开资产经营管理有限公司嘉善县惠民街道全域土地整治与生态修复工程项目（一期）-安置房,嘉善经开资产经营管理有限公司,惠民街道,惠民街道曙光村、晋吉路南侧,100112.24
43,嘉善东恒信息技术有限公司信息科技城B区25#、36#楼,嘉善东恒信息技术有限公司,惠民街道,惠民街道台升大道3号,22603.32
44,嘉善众祥房产开发有限公司大众嘉苑,嘉善众祥房产开发有限公司,惠民街道,惠民街道晋阳路以南、之江路以西,176186.15
45,雷格兰弗特机车有限公司1号车间,雷格兰弗特机车有限公司,惠民街道,惠民街道长江路28号,16901.69
46,嘉善荣昊纺织品有限公司1#车间、扩建泵房水池,嘉善荣昊纺织品有限公司,惠民街道,惠民街道鑫达路9号,7991.95
47,嘉兴金雅房地产开发有限公司嘉善2019-14号地块（光和城）,嘉兴金雅房地产开发有限公司,惠民街道,惠民街道枫南村,92468.92
48,赛晶亚太半导体科技（浙江）有限公司新建年产IGBT功率器件200万件项目主厂房、供氢站、化学品库、,赛晶亚太半导体科技（浙江）有限公司,惠民街道,惠民街道晋吉路56号,24312.83
49,索菲亚家居（浙江）有限公司生产车间A、B、C，设备用房、地下消防泵房及水池、垃圾房、危化品库,索菲亚家居（浙江）有限公司,惠民街道,惠民街道隆全路6号,52944.92
50,嘉善中荷创业投资管理股份有限公司中荷园创业中心,嘉善中荷创业投资管理股份有限公司,惠民街道,嘉善县浙江中荷（嘉善）产业合作园内,67982.82
51,嘉善众智实业有限公司智能制造厂房改扩建项目,嘉善众智实业有限公司,惠民街道,浙江省嘉兴市嘉善县,86501.37
52,嘉善龙软创园建设发展有限公司嘉善信息城A区二期综合楼及辅房工程,嘉善龙软创园建设发展有限公司,惠民街道,惠民街道台升路1号南侧,8401.1
53,嘉善经济技术开发区管理委员会枫南中心学校,嘉善经济技术开发区管理委员会,惠民街道,惠民街道枫南村,31906.98
54,嘉善经济技术开发区管理委员会枫南新社区公共配套用房（幼儿园）,嘉善经济技术开发区管理委员会,惠民街道,惠民街道枫南村,4631.17
55,雪花啤酒（嘉善）有限公司扩建年产10万吨啤酒项目包装间、污泥干化间、危废品库、柴油发电机棚、,雪花啤酒（嘉善）有限公司,惠民街道,惠民街道新华路100号,15350.37
56,嘉善县亿隆塑业电子有限公司4#车间、5#车间,嘉善县亿隆塑业电子有限公司,惠民街道,嘉善县惠民街道晋亿大道15号,14030.23
57,嘉善县骏惠房地产有限公司嘉善县2018-57号地块住宅项目,嘉善县骏惠房地产有限公司,惠民街道,惠民街道新桥港西侧、惠民大道北侧、规划惠立路东侧,80101.51
58,嘉善华昌塑钢门窗厂扩建项目（3#车间、门卫）,嘉善华昌塑钢门窗厂,惠民街道,嘉善县台商信息产业园二期,9022.4
59,嘉兴凌龙科技实业有限公司动力车间、1#原辅料及产品仓库、2#原辅料及产品仓库,嘉兴凌龙科技实业有限公司,惠民街道,惠民街道金加大道65号9幢,25378.97
60,嘉善冠得光学玻璃有限公司车间-1扩建,嘉善冠得光学玻璃有限公司,惠民街道,惠民街道新华路3号,3258.44
61,嘉善枫惠资产经营管理有限公司嘉善经济技术开发区枫惠学校,嘉善枫惠资产经营管理有限公司,惠民街道,惠民街道枫南村,77802.54
62,诚达药业股份有限公司309综合仓库,诚达药业股份有限公司,惠民街道,惠民街道黄河路36号,11846
63,嘉善县惠民街道曙光村股份经济合作社惠民街道曙光村公建配套用房项目（公建配套用房四）,嘉善县惠民街道曙光村股份经济合作社,惠民街道,惠民街道曙光村,2360.61
64,嘉善县第三人民医院嘉善县第三人民医院三期工程,嘉善县第三人民医院,惠民街道,惠民街道长江路5号,22820.34
65,嘉兴瓯源电机股份有限公司2#车间,嘉兴瓯源电机股份有限公司,惠民街道,惠民街道成功路17号,16621.74
66,嘉善县惠民新市镇投资开发有限公司嘉善科技新城（惠民组团）安置房 一期项目,嘉善县惠民新市镇投资开发有限公司,惠民街道,惠民街道嘉善塘南侧、惠民大道北侧,106225.94
67,嘉兴喆枫药化有限公司1号车间、2号车间、辅助用房、扩建配电房,嘉兴喆枫药化有限公司,惠民街道,惠民街道塘子泾路11号,1848.34
68,嘉兴联东金铸实业股份有限公司联东U谷·嘉善智能制造产业园项目（11#-19#楼、42#-44#楼）,嘉兴联东金铸实业股份有限公司,惠民街道,惠民街道曙光村,46621.41
69,嘉善县惠民新市镇投资开发有限公司惠民街道张汇富民小区安置房项目,嘉善县惠民新市镇投资开发有限公司,惠民街道,惠民街道枫泾塘东侧、渔民上岸张汇社区安置点南侧,55101.51
70,嘉善县惠民小学国开实验学校（暂名）新建项目,嘉善县惠民小学,惠民街道,惠民街道经济开发区、恒天花园里东南侧、嘉善塘北侧,56143.05
71,诚达药业股份有限公司医药中间体项目及研发中心扩建项目（310危险品库四、311危废仓库）,诚达药业股份有限公司,惠民街道,惠民街道黄河路36号,2527.75
72,嘉善亚多纺织品有限公司1#车间扩建,嘉善亚多纺织品有限公司,惠民街道,惠民街道鑫达路5号,1295.75
73,晋亿实业股份有限公司表面处理工艺升级改造项目表面处理车间E幢,晋亿实业股份有限公司,惠民街道,惠民街道晋亿大道8号,16271.23
74,晋亿实业股份有限公司表面处理工艺升级改造项目（废水处理车间M幢）,晋亿实业股份有限公司,惠民街道,惠民街道晋亿大道8号,5083.01
75,云顶新耀医药科技有限公司门卫一、实验楼,云顶新耀医药科技有限公司,惠民街道,惠民街道曙光村,18278.37
76,浙江旗声电子科技股份有限公司1#车间、仓库、门卫,浙江旗声电子科技股份有限公司,惠民街道,惠民街道曙光村,37012.58
77,嘉善英冠鸿璟房地产开发有限公司云尚风华城,嘉善英冠鸿璟房地产开发有限公司,惠民街道,惠民街道开发区四期、四明路东侧、嘉善塘北侧、永丰路南侧,93726.2
78,嘉兴北化高分子助剂有限公司甲类厂房（一）、甲类厂房（二）、综合楼、甲类仓库及危险废物仓库,嘉兴北化高分子助剂有限公司,惠民街道,嘉善县惠民街道2018G-57号地块,49410.67
79,嘉兴华航唯实机器人科技有限公司3#厂房,嘉兴华航唯实机器人科技有限公司,惠民街道,惠民街道曙光村,3443.61
80,利天万世新能源有限公司M1厂房,利天万世新能源有限公司,惠民街道,惠民街道枫南村,149565.7
81,嘉善县世纪房产开发有限公司锦博学府,嘉善县世纪房产开发有限公司,惠民街道,惠民街道开发区四期、四明路西侧,42424.24
82,嘉善众祥房产开发有限公司大众馨苑,嘉善众祥房产开发有限公司,惠民街道,惠民街道新桥港东侧、规划惠城北路,124016.37
83,嘉善骏跃房地产开发有限公司枫尚学府,嘉善骏跃房地产开发有限公司,惠民街道,惠民街道枫南村,112791.44
84,嘉善县新城开发投资有限公司之江路嘉善塘桥工程,嘉善县新城开发投资有限公司,惠民街道,惠民街道经济开发区,0
85,兰钧新能源科技有限公司1#厂房、2#、3#8#9#10#辅助用房、4#5#6#11#门卫、7#锅炉房,兰钧新能源科技有限公司,惠民街道,惠民街道枫南村,402361.87
86,长三角（嘉善）建设发展集团有限公司嘉善县新能源研发中心项目生产车间、仓库、1#、2#门卫,长三角（嘉善）建设发展集团有限公司,惠民街道,惠民街道鑫达路8号,34898.93
87,兰钧新能源科技有限公司12#厂房,兰钧新能源科技有限公司,惠民街道,惠民街道枫南村,25215.57
88,嘉善裕灿房地产开发有限公司亭溪苑项目,嘉善裕灿房地产开发有限公司,罗星街道,罗星街道亭桥村、体育路以西,169896.12
89,嘉善裕佳房地产开发有限公司亭南苑,嘉善裕佳房地产开发有限,罗星街道,罗星街道亭桥村、马家桥村、体育南路西侧,147113.34
90,嘉兴鼎泰园区建设发展有限公司嘉善妇幼保健院项目（医疗综合楼、锅炉房、垃圾站及污水处理、自行车棚,嘉兴鼎泰园区建设发展有限公司,罗星街道,罗星街道城西大道东侧、纬七路北侧,65005.48
91,嘉兴鼎泰园区建设发展有限公司嘉善幸福天地项目（MINIMALL)（幼儿园）,嘉兴鼎泰园区建设发展有限公司,罗星街道,罗星街道亭桥村、纬二路以北、体育路以东、孔雀城珑院以南,55553.34
92,嘉善罗星益康实业股份有限公司罗星街道养老服务中心项目,嘉善罗星益康实业股份有限公司,罗星街道,罗星街道阳光路南侧、子胥路东侧、伍子塘西侧,69586.57
93,嘉善县疾病预防控制中心实验室及血站工程,嘉善县疾病预防控制中心,罗星街道,嘉善县罗星街道体育南路988号,12117.34
94,嘉善善建旧城改造有限公司中心城区“棚户区”大西门安置房项目,嘉善善建旧城改造有限公司,罗星街道,晋阳路北侧、嘉善塘南侧、陈泾港西侧、城西大道东侧,336817.08
95,嘉兴鼎泰园区建设发展有限公司吴镇教育集团亭桥小学,嘉兴鼎泰园区建设发展有限公司,罗星街道,罗星街道亭桥南路西侧、纬二路北侧、经五路东侧,35578.89
96,嘉兴悦骏房地产开发有限公司2017-31、32号地块（商办部分）（悦景府）,嘉兴悦骏房地产开发有限公司,罗星街道,罗星街道厍浜村、白水塘路延伸段北侧、灵秀路西侧,55643.5
97,嘉善大诚置业有限公司嘉善县2018-45.46地块项目（大诚金廷）,嘉善大诚置业有限公司,罗星街道,罗星街道厍浜村、世纪大道北侧、归谷二路南侧,65819.65
98,嘉善县骏景房地产有限公司嘉善县2018-30号地块住宅项目（玖龙薹）,嘉善县骏景房地产有限公司,罗星街道,罗星街道孙家港南村、纬二路北侧,178582.82
99,嘉兴京御房地产开发有限公司嘉善产业新城安置房二期,嘉兴京御房地产开发有限公司,罗星街道,罗星街道纬二路南侧、体育南路西侧、伍子塘东侧,113165.02
100,嘉善县罗星街道新市镇投资开发有限公司归谷社区中心,嘉善县罗星街道新市镇投资开发有限公司,罗星街道,罗星街道哑铃港西侧、白水塘路北侧,20157.32
101,嘉善裕辰房地产开发有限公司朗隽公馆（2018-32号地块）,嘉善裕辰房地产开发有限公司,罗星街道,罗星街道纬三路南侧、体育路东侧、经五路西侧,176822.68
102,嘉善骏宏房地产开发有限公司向善学府,嘉善骏宏房地产开发有限公司,罗星街道,罗星街道善江公路世纪大道西北,125278.43
103,嘉兴鼎泰园区建设发展有限公司嘉善县杭州湾大桥北接线罗星互通至平黎公路快速路及连接工程PPP项目纬六路,嘉兴鼎泰园区建设发展有限公司,罗星街道,罗星街道高铁新城,0
104,嘉善全盛混凝土有限公司1#、2#车间扩建,嘉善全盛混凝土有限公司,罗星街道,罗星街道灵秀路58号,13257.23
105,嘉善同嘉科技产业发展有限公司同济未来村人工智能机器人项目2#-13#楼,嘉善同嘉科技产业发展有限公司,罗星街道,嘉善县罗星街道鑫锋村,41625.44
106,嘉善同嘉科技产业发展有限公司生产车间一、二、三、四，办公楼、宿舍楼、1#、2#门卫,嘉善同嘉科技产业发展有限公司,罗星街道,罗星街道厍浜村,81190.62
107,嘉善县资产经营有限公司嘉善县健康护理中心,嘉善县资产经营有限公司,罗星街道,罗星街道体育南路西侧、世纪大道北侧,71356.05
108,嘉兴市善通运输（集团）有限责任公司善通公司公交服务中心（二期）,嘉兴市善通运输（集团）有限责任公司,罗星街道,罗星街道车站南路880号,15324.96
109,嘉善星创实业有限公司罗星街道工业园区有机更新项目一期（1号楼）,嘉善星创实业有限公司,罗星街道,罗星街道城西社区、城西大道西侧、螺港北侧,47598.12
110,嘉善县新城开发投资有限公司嘉善县新城开发投资有限公司安置房周边绿化工程（桥梁）,嘉善县新城开发投资有限公司,罗星街道,罗星街道城南社区,0
111,嘉善县新城开发投资有限公司拆迁安置房一期白水塘地块配套工程,嘉善县新城开发投资有限公司,罗星街道,罗星街道白水塘路与城西大道交界南侧,0
112,嘉兴市豪能科技股份有限公司1#厂房A区、1#厂房B区、高架仓库、门卫室、锅炉房、配电房及柴油,嘉兴市豪能科技股份有限公司,罗星街道,罗星街道厍浜村,47534.97
113,浙江省嘉善县第一中学嘉善县思贤学校（暂名）新建项目,浙江省嘉善县第一中学,罗星街道,嘉善县罗星街道白水塘路南侧，亭桥南路西侧,56120.56
114,嘉善善建旧城改造有限公司中心城区“棚户区”兴贤路安置房项目,嘉善善建旧城改造有限公司,罗星街道,罗星街道嘉善塘南路，子胥路东侧,200642.68
115,嘉兴鼎泰园区建设发展有限公司嘉善幸福天地项目（MINIMALL),嘉兴鼎泰园区建设发展有限公司,罗星街道,罗星街道亭桥村、纬二路以北、体育路以东、孔雀城珑院以南,48696.87
116,浙江科比特科技有限公司新建厂区1#-5#厂房、地下车库,浙江科比特科技有限公司,罗星街道,罗星街道归谷园区,34912.69
117,嘉善星创实业有限公司罗星街道工业园区有机更新项目（二期）（1#-7#车间）,嘉善星创实业有限公司,罗星街道,罗星街道城西社区,73036.44
118,嘉兴同劲置业有限公司明樾华庭,嘉兴同劲置业有限公司,罗星街道,罗星街道城西社区,199325.43
119,嘉兴同劲置业有限公司明樾智汇中心,嘉兴同劲置业有限公司,罗星街道,罗星街道城西社区,14037.8
120,嘉善县罗星街道城南社区股份经济合作社嘉善县城南农民小区配套公共建筑用房二期项目（配套公共建筑用房）,嘉善县罗星街道城南社区股份经济合作社,罗星街道,罗星街道亭桥南路西侧,6264.13
121,嘉善县罗星街道李家社区股份经济合作社李家社区苏家浜公建配套服务用房,嘉善县罗星街道李家社区股份经济合作社,罗星街道,罗星街道李家社区苏家浜小区内,5605.31
122,嘉善长荣宏业房地产有限公司春山可望小区,嘉善长荣宏业房地产有限公司,罗星街道,罗星街道嘉善大道东侧，铂金广场北侧、油车港西侧,59096.44
123,嘉善罗星小城镇建设有限公司罗星街道农房集聚安置房项目,嘉善罗星小城镇建设有限公司,罗星街道,罗星街道鑫锋村,226190.22
124,嘉善县陶庄新市镇建设有限公司陶庄镇中心集聚点安置房建设项目一期,嘉善县陶庄新市镇建设有限公司,陶庄镇,陶庄镇陶中村,70480.56
125,嘉善陶庄再生资源有限公司新建陶庄两创中心配套项目（2016G-66-1号地块）,嘉善陶庄再生资源有限公司,陶庄镇,陶庄镇五金机械产业园夏湖大道,9332.55
126,洁顺滤清器（嘉善）有限公司1#车间、2#车间、门卫,洁顺滤清器（嘉善）有限公司,陶庄镇,嘉善县陶庄循环经济产业园,38922.53
127,浙江天程新材料股份有限公司1#车间、2#车间、3#研发车间、门卫,浙江天程新材料股份有限公司,陶庄镇,陶庄镇翔胜村、陶中村,22912.12
128,浙江爱鑫机械科技股份有限公司综合楼、研发车间、1#车间、门卫室,浙江爱鑫机械科技股份有限公司,陶庄镇,陶庄镇循环经济产业园,41326.23
129,嘉善众智实业有限公司陶庄镇精密机械小微园项目（一期）C地块,嘉善众智实业有限公司,陶庄镇,嘉善县陶庄镇凯旋路99号,35995.51
130,浙江翊泓实业股份有限公司污水处理间、危险品仓库、车间、食堂、研发楼、门卫、配电房、办公楼,浙江翊泓实业股份有限公司,陶庄镇,嘉善县陶庄镇汾南村,27882.74
131,浙江大隆特材有限公司门卫室、1#厂房、办公楼、食堂、宿舍楼、配电房、工具间,浙江大隆特材有限公司,陶庄镇,陶庄镇经济循环产业园,77016.46
132,嘉善陶庄汾湖实业有限公司陶庄镇精密机械产业项目(二期)1#车间、2#车间、3#车间、4#车间,嘉善陶庄汾湖实业有限公司,陶庄镇,嘉善县陶庄镇汾南村、利生村,66975.43
133,嘉善杭运制版有限公司1#车间扩建、辅助用房、废水处理用房,嘉善杭运制版有限公司,陶庄镇,陶庄镇柳苑路359号,12602.66
134,嘉善金泰工程塑业有限公司1#车间、门卫,嘉善金泰工程塑业有限公司,陶庄镇,陶庄镇产养殖场、汾玉村,26423
135,嘉善众智实业有限公司陶庄镇精密机械产业项目（一期）,嘉善众智实业有限公司,陶庄镇,陶庄镇凯旋路199号,57919.81
136,嘉善县陶庄镇新市镇建设有限公司陶庄镇中心集聚点安置房建设项目二期,嘉善县陶庄镇新市镇建设有限公司,陶庄镇,陶庄镇陶中村,81807.8
137,嘉善县凝溪实业有限公司天凝镇工业园区有机更新项目,嘉善县凝溪实业有限公司,天凝镇,嘉善天凝镇天洪公路沿线区块工业园区内,23656
138,嘉善县天凝城镇基础设施开发建设有限公司天凝镇洪溪新社区公寓房（二期）项目,嘉善县天凝城镇基础设施开发建设有限公司,天凝镇,天凝镇洪溪镇,101616.37
139,嘉兴天之易新材料股份有限公司1#车间、锅炉房、地下泵房及水池,嘉兴天之易新材料股份有限公司,天凝镇,天凝镇工业园区,10166.55
140,天凝镇工业园区有机更新项目（2019-12-2）1#车间、2#车间,嘉善县凝溪实业有限公司,天凝镇,天凝镇工业区,23360.91
141,嘉兴天之易新材料股份有限公司2#车间、废水处理池,嘉兴天之易新材料股份有限公司,天凝镇,天凝镇工业园区,752.2
142,嘉兴天之易新材料股份有限公司4#车间,嘉兴天之易新材料股份有限公司,天凝镇,天凝镇工业园区,12716.08
143,嘉善县杨庙禅寺配殿、老爷殿、大雄宝殿,嘉善县杨庙禅寺,天凝镇,天凝镇麟溪村西木桥北杨庙禅寺内,3117.59
144,嘉善县雪菜产业化综合体工程,嘉善县凝溪农业发展有限公司,天凝镇,天凝镇光明村、新联村,22963.79
145,科之杰新材料集团浙江有限公司综合楼、门卫、乙类仓库、甲类车间、动力车间及消防循环水池、装卸台基础,科之杰新材料集团浙江有限公司,天凝镇,天凝镇荆杨路5号,8652.85
146,航特五金（浙江）股份有限公司1#车间、配电房、门卫,航特五金（浙江）股份有限公司,天凝镇,天凝镇洪南村,14994.27
147,浙江瑞羽纺织科技有限公司1#车 间、门卫,浙江瑞羽纺织科技有限公司,天凝镇,天凝镇洪南村,10759.71
148,鸿展工业科技（浙江）股份有限公司,鸿展工业科技（浙江）股份有限公司,天凝镇,天凝镇洪南村,18681.24
149,嘉善华隆精密五金制品有限公司1#车间、2#车间、门卫,嘉善华隆精密五金制品有限公司,天凝镇,天凝镇凝红路27号,10086.49
150,嘉善县天凝镇东顺村股份经济合作社天凝镇东顺村党群服务中心项目(党群服务中心、辅助用房）,嘉善县天凝镇东顺村股份经济合作社,天凝镇,天凝镇东顺村,4086.67
151,嘉善县天凝镇洪南村股份经济合作社天凝镇洪南村赵家浜美丽乡村服务用房项目（服务用房）,嘉善县天凝镇洪南村股份经济合作,天凝镇,天凝镇洪南村,1711.78
152,嘉兴天之易新材料股份有限公司1#车间改扩建,嘉兴天之易新材料股份有限公司,天凝镇,天凝镇工业园区,14348.56
153,嘉善声盛电子科技有限公司车间,嘉善声盛电子科技有限公司,天凝镇,天凝镇洪南村,7724.97
154,嘉善县天凝城镇基础设施开发有限公司天凝镇麟溪路西侧南星桥路北侧安置房项目（南区）,嘉善县天凝城镇基础设施开发有限公司,天凝镇,天凝镇麟溪村、麟溪路西侧、南星桥北侧,30100.1
155,嘉善县凝溪实业有限公司天凝镇农民公寓式安置房四期项目,嘉善县凝溪实业有限公司,天凝镇,天凝镇洪南村,108425.07
156,嘉善县商业开发投资集团有限公司嘉善县魏塘街道善和苑公寓房（棚户区改造）项目,嘉善县商业开发投资集团有限公司,魏塘街道,魏塘街道规划路西侧,299537.1
157,嘉善县华建实业有限公司仓储物流用房建造工程1#仓库、2#仓库,嘉善县华建实业有限公司,魏塘街道,嘉善县魏塘街道庄港社区,45248.54
158,中新嘉善现代产业园开发有限公司中新智慧园一期工程,中新嘉善现代产业园开发有限公司,魏塘街道,魏塘街道魏俞线与320国道东北处,122388.67
159,嘉善善建旧城改造有限公司 蓝城房产建设管理集团有限公司和善家园小区（一期）,嘉善善建旧城改造有限公司 蓝城房产建设管理集团有限公司,魏塘街道,魏塘街道南沿环北东路、北至张丰桥港、西接车站北路,134703.45
160,嘉善嘉茂建设开发有限公司上海之窗.枫南小镇（智慧科学城）基础设施工程一期----泾纳路,嘉善嘉茂建设开发有限公司,魏塘街道,魏塘街道经济开发区紧邻上海枫泾镇,0
161,嘉善嘉茂建设开发有限公司上海之窗.枫南小镇（智慧科学城）基础设施工程一期----枫雅路,嘉善嘉茂建设开发有限公司,魏塘街道,魏塘街道经济开发区紧邻上海枫泾镇,0
162,嘉善嘉茂建设开发有限公司上海之窗.枫南小镇（智慧科学城）基础设施工程一期----新枫街一期,嘉善嘉茂建设开发有限公司,魏塘街道,魏塘街道经济开发区紧邻上海枫泾镇,0
163,嘉善嘉茂建设开发有限公司上海之窗.枫南小镇（智慧科学城）基础设施工程一期----新枫街二期,嘉善嘉茂建设开发有限公司,魏塘街道,魏塘街道经济开发区紧邻上海枫泾镇,0
164,浙江柏盈美打印耗材有限公司新建年产打印机硒鼓800万只生产项目（4#车间、5#车间）,浙江柏盈美打印耗材有限公司,魏塘街道,嘉善县魏塘街道万盈路199号,20910.6
165,嘉善县骏诚房地产有限公司嘉善县2019-10号地块住宅项目（玖宸佳苑）,嘉善县骏诚房地产有限公司,魏塘街道,魏塘街道诸和路南侧、环东路西侧,171214.64
166,嘉善科嘉电气科技有限公司车间、配套楼、配电房、门卫1、门卫2、发电机房,嘉善科嘉电气科技有限公司,魏塘街道,魏塘街道里泽村,10852.34
167,浙江鼎实科技有限公司1#车间、2#车间、3#车间、配电房、门卫,浙江鼎实科技有限公司,魏塘街道,魏塘街道里泽村,29168.69
168,嘉善县幽澜自来水有限公司城乡供水一体化兴善公路至干窑主管道环网工程,嘉善县幽澜自来水有限公司,魏塘街道,魏塘街道三泾港桥至干洪公路,0
169,嘉善县环境卫生管理处嘉善县城建档案馆库房改扩建项目,嘉善县环境卫生管理处,魏塘街道,魏塘街道平安东路北侧,9835.03
170,浙江雷硕电子科技有限公司1#车间、2#车间、办公综合楼、门卫、消控室,浙江雷硕电子科技有限公司,魏塘街道,魏塘街道里姚公路东侧,27266.51
171,嘉善利沃精密机械股份有限公司1#车间、2#车间、门卫,嘉善利沃精密机械股份有限公司,魏塘街道,嘉善县魏塘街道里泽村,13859.28
172,嘉善县魏塘街道中寒圩村股份经济合作社魏塘街道中寒圩村公建配套用房项目,嘉善县魏塘街道中寒圩村股份经济合作社,魏塘街道,魏塘街道中寒圩村,6254.6
173,浙江嘉翔氟塑料有限公司3#车间,浙江嘉翔氟塑料有限公司,魏塘街道,魏塘街道振华路88号,3413.04
174,中新嘉善现代产业园开发有限公司振国路支路工程,中新嘉善现代产业园开发有限公司,魏塘街道,魏塘街道里泽村,0
175,中新嘉善现代产业园开发有限公司南星路（新嘉大道-中新大道）工程（一期）,中新嘉善现代产业园开发有限公司,魏塘街道,魏塘街道中寒圩村,0
176,嘉善县魏塘新市镇投资建设有限公司魏塘消防中队场所建设项目,嘉善县魏塘新市镇投资建设有限公司,魏塘街道,魏塘街道善东路北侧、施家北路西侧,3686.26
177,华东兴业城投资有限公司嘉善东方兴业城一期局部调整项目,华东兴业城投资有限公司,魏塘街道,魏塘街道320国道北侧、窑墩港东侧,90240.74
178,嘉善鸿翔天辰置业有限公司天宸府,嘉善鸿翔天辰置业有限公司,魏塘街道,魏塘街道魏中村,62668.1
179,嘉善县魏塘街道虹桥村股份经济合作社虹桥村幼儿园教学楼室内装饰工程,嘉善县魏塘街道虹桥村股份经济合作社,魏塘街道,魏塘街道虹桥村,0
180,嘉善县长城房地产有限公司善智苑公寓房项目（木业大道安置地块）,嘉善县长城房地产有限公司,魏塘街道,魏塘街道木业大道东侧、民辉路北侧,309871.68
181,嘉善县亿嘉实业有限公司嘉善县魏塘街道健康颐养中心,嘉善县亿嘉实业有限公司,魏塘街道,魏塘街道解放路南侧、环东路西侧,69487
182,浙江裕华木业有限公司锅炉房、发电机房,浙江裕华木业有限公司,魏塘街道,嘉善县魏塘工业园区（世界浙商工业园）,3091.45
183,嘉善鑫昇房地产开发有限公司枫境澜庭,嘉善鑫昇房地产开发有限公司,魏塘街道,魏塘街道魏中村迎新路北侧、魏俞线西侧,149940.86
184,晋亿实业股份有限公司晋亿实业原规模技改提升项目,晋亿实业股份有限公司,魏塘街道,魏塘街道魏中村，南靠金嘉大道，北靠衡山路,94343.95
185,嘉兴环茂置业有限公司金悦学府,嘉兴环茂置业有限公司,魏塘街道,魏塘街道民辉路北侧、木业大道西侧,247949.97
186,浙江恒为电子科技有限公司新建年产30万台网络及计算设备项目主楼（生产综合楼）、门卫,浙江恒为电子科技有限公司,魏塘街道,魏塘街道魏中村,37335.17
187,嘉善县魏联投资有限公司嘉善县魏塘街道“两创”中心（4号厂房光彩芯辰）提升工程,嘉善县魏联投资有限公司,魏塘街道,魏塘街道向阳路1号,12381.7
188,嘉善宏菲汽车配件有限公司1#车间、2#车间、门卫,嘉善宏菲汽车配件有限公司,魏塘街道,魏塘街道中寒圩村、魏中村,15636.47
189,嘉善县北部新城开发建设有限公司嘉善县魏塘街道谧园项目（一期）,嘉善县北部新城开发建设有限公司,魏塘街道,魏塘街道里泽公墓东侧,4569.43
190,嘉善百伟锌业有限公司综合楼、办公楼、门卫、乙类车间一、乙类车间二、乙类仓库、甲类车间、甲类仓库,嘉善百伟锌业有限公司,魏塘街道,魏塘街道虹桥社区（开发区）,32142.67
191,四方光电（嘉善）有限公司1#主楼、2#裙房、3#厂房1、4#厂房2、5#厂房3、6#厂房4、,四方光电（嘉善）有限公司,魏塘街道,魏塘街道中寒圩村,48528.42
192,嘉善县大地污水处理工程有限公司魏塘街道污水管道改造工程,嘉善县大地污水处理工程有限公司,魏塘街道,魏塘街道,0
193,浙江中科尚弘离子装备有限公司1#车间、门卫,浙江中科尚弘离子装备有限公司,魏塘街道,魏塘街道里泽村（中新产业园）,13284.89
194,嘉善县西塘新市镇投资开发有限公司西塘镇翠南中心社区公寓房四期城中村改造项目,嘉善县西塘新市镇投资开发有限公司,西塘镇,西塘镇翠南村,263037.82
195,浙江西塘宋城演艺谷演艺发展有限公司西塘宋城演艺项目,浙江西塘宋城演艺谷演艺发展有限公司,西塘镇,西塘港南侧、善江公路北侧,87028.49
196,浙江中竹环保科技有限公司研发车间、车间、宿舍楼、门卫,浙江中竹环保科技有限公司,西塘镇,西塘镇邗上村,31451.17
197,嘉善县大地污水处理工程有限公司嘉善县西塘污水处理厂扩容工程,嘉善县大地污水处理工程有限公司,西塘镇,嘉善县西塘镇翠南村,0
198,嘉善县润城房地产有限公司2018-42号地块项目（江南.雅境里）,嘉善县润城房地产有限公司,西塘镇,西塘镇乌泾港西侧、宏福路东侧,90921.66
199,嘉善县西塘智林文化发展有限公司西塘东区.八九间二期,嘉善县西塘智林文化发展有限公司,西塘镇,西塘镇贞观路西侧、十里港北侧,104809.05
200,浙江智洐物联科技有限公司新建智能仓配中心项目（二期）,浙江智洐物联科技有限公司,西塘镇,西塘镇河池村、沈道村、红菱村,47282.34
201,嘉善红菱建设开发有限公司1#生产车间、2#生产车间,嘉善红菱建设开发有限公司,西塘镇,西塘镇沈道村,47958.6
202,嘉善县西塘镇人民政府西塘镇派出所迁建项目,嘉善县西塘镇人民政府,西塘镇,西塘镇华联村,15810.77
203,嘉善力亮节日灯饰有限公司2#车间,嘉善力亮节日灯饰有限公司,西塘镇,西塘镇铧淳路78号,16039.62
204,浙江龙鼎混凝土建材股份有限公司1#车间,浙江龙鼎混凝土建材股份有限公司,西塘镇,西塘镇市政工业园区（邗上片）,29611.42
205,浙江浦江缆索有限公司研发中心,浙江浦江缆索有限公司,西塘镇,西塘镇铧淳路,4859.48
206,嘉善泽雅服装辅料有限公司5#车间、地下消防泵房及消防水池、宿舍楼扩建工程,嘉善泽雅服装辅料有限公司,西塘镇,西塘镇大舜路217号,3523.56
207,嘉善泽雅服装辅料有限公司6#车间,嘉善泽雅服装辅料有限公司,西塘镇,西塘镇大舜路217号,3230.33
208,嘉善康辉创世旅游开发有限责任公司雪松花巷里,嘉善康辉创世旅游开发有限责任公司,西塘镇,嘉善县西塘镇小桐圩街,87773.79
209,嘉善县大地污水处理工程有限公司嘉善县2019年城乡污水收集处理一体化管网工程,嘉善县大地污水处理工程有限公司,西塘镇,嘉善西塘镇、陶庄镇、大云镇、姚庄镇、干窑镇,0
210,嘉善县水务投资有限公司城乡供水一体化西塘至陶庄主管道环网工程,嘉善县水务投资有限公司,西塘镇,陶庄镇陶庄村沿丁凝公路向东至西塘镇大舜村与红菱村交界处,0
211,嘉善县西塘新市镇投资开发有限公司西塘镇东南区块棚户区改造项目,嘉善县西塘新市镇投资开发有限公司,西塘镇,西塘镇翠南村,131413.74
212,富通集团（嘉善）通信技术有限公司2#危化品仓库,富通集团（嘉善）通信技术有限公司,西塘镇,西塘镇沈道村,345.02
213,坚迪（嘉善）智能科技有限责任公司门卫、车间、配电房及柴油发电机房、地下消防泵房及消防水池,坚迪（嘉善）智能科技有限责任公司,西塘镇,西塘镇荷池村,12227.65
214,嘉善县西塘村镇基础设施建设有限公司嘉兴综合保税区B区跨境电商监管服务用房,嘉善县西塘村镇基础设施建设有限公司,西塘镇,嘉善县西塘镇沈道村,1572.39
215,嘉兴大田服饰有限公司4#厂房,嘉兴大田服饰有限公司,西塘镇,西塘镇华兴路36号,5489.15
216,嘉善腾云服饰辅料有限公司3#车间,嘉善腾云服饰辅料有限公司,西塘镇,西塘镇腾舜路26号、大舜路280号,3971.57
217,浙江凌龙纺织有限公司1#-3#车间、原料及成品仓库,浙江凌龙纺织有限公司,西塘镇,西塘镇下甸庙村,39383.42
218,浙江瀚鸿立博实业有限公司8#车间,浙江瀚鸿立博实业有限公司,西塘镇,西塘镇开源大道368号,6366.01
219,浙江富涌电子科技有限公司1#-5#车间、宿舍、办公楼、门卫、危化品仓库,浙江富涌电子科技有限公司,西塘镇,西塘镇沈道村,103299.96
220,嘉善绿洲市场建设有限公司西塘农贸市场改造项目,嘉善绿洲市场建设有限公司,西塘镇,西塘镇宏福路231,0
221,嘉善伟鼎五金制品有限公司2#车间、配电房,嘉善伟鼎五金制品有限公司,西塘镇,西塘镇开源大道139号,4308.29
222,嘉善碧新房地产开发有限公司枫景尚院,嘉善碧新房地产开发有限公司,姚庄镇,姚庄镇洪福东路南侧,89853.41
223,浙江高昶机械五金有限公司1#-5#车间、办公楼、丙类仓库、配电房及空压机房、地下消防泵房及消防水池、,浙江高昶机械五金有限公司,姚庄镇,姚庄镇临沪大道,28094.93
224,嘉善碧山超音波机械有限公司门卫室、办公楼、1#车间、2#车间,嘉善碧山超音波机械有限公司,姚庄镇,姚庄镇清凉大道,11217.71
225,浙江骜途智能科技有限公司1#车间、2#车间、门卫一、门卫二,浙江骜途智能科技有限公司,姚庄镇,嘉善县姚庄镇经济开发区,67608.51
226,嘉善姚庄现代服务业综合开发有限公司姚庄镇桃源新邨综合文化中心工程项目,嘉善姚庄现代服务业综合开发有限公司,姚庄镇,姚庄镇桃源新邨小区南侧,12709.39
227,浙江智泓科技有限公司车间,浙江智泓科技有限公司,姚庄镇,姚庄镇宝群路,9094.57
228,嘉善碧新房地产开发有限公司枫景尚院二期,嘉善碧新房地产开发有限公司,姚庄镇,姚庄镇清凉村、洪福东路南侧、新中河东侧,89529.87
229,嘉兴宏善科技股份有限公司1#车间、门卫室,嘉兴宏善科技股份有限公司,姚庄镇,姚庄镇清凉村,22587.11
230,杜商精机（嘉兴）有限公司二期厂房,杜商精机（嘉兴）有限公司,姚庄镇,姚庄镇临沪大道,48702.75
231,浙江嘉和新材料股份有限公司1#车间、2#车间、3#仓库、门卫,浙江嘉和新材料股份有限公司,姚庄镇,姚庄镇清凉大道,25653.09
232,嘉兴骏腾精密机械制造有限公司1#车间,嘉兴骏腾精密机械制造有限公司,姚庄镇,姚庄镇万泰路58号,9189.15
233,丰高实业（嘉兴）有限公司机械设备、汽车零部件科技综合产业园项目,丰高实业（嘉兴）有限公司,姚庄镇,姚庄镇洪福东路万泰路交叉口,137591.52
234,永裕塑胶有限公司雨棚一、雨棚二、雨棚三、E栋车间,永裕塑胶有限公司,姚庄镇,姚庄镇清凉村,15865.34
235,嘉善县大往圩置业有限公司姚庄镇姚庄片城中村建设改造“棚户区”项目道路工程--1#地块（一期）,嘉善县大往圩置业有限公司,姚庄镇,姚庄镇姚庄村,0
236,浙江威玛特五金制品有限公司生产车间、门卫一,浙江威玛特五金制品有限公司,姚庄镇,姚庄镇宝群路788号,33937.7
237,嘉善县大地污水处理有限公司嘉善大成环保污水厂提标改造工程,嘉善县大地污水处理有限公司,姚庄镇,姚庄镇东方路528号,0
238,浙江新景智能科技有限公司1#厂房、门卫室,浙江新景智能科技有限公司,姚庄镇,姚庄镇新景路西侧、宝群路北侧,16338.65
239,嘉善天马真皮手套有限公司车间,嘉善天马真皮手套应该是,姚庄镇,姚庄镇锦绣大道658号,1451.19
240,浙江聚善激光科技有限公司1#-6#车间、门卫,浙江聚善激光科技有限公司,姚庄镇,姚庄镇清凉村,37429.2
241,嘉善县大往圩置业有限公司姚庄镇桃源新邨中心社区棚户区改造项目（姚庄4#地块）,嘉善县大往圩置业有限公司,姚庄镇,姚庄镇姚庄村,33670.1
242,汇旺（嘉善）精密机械有限公司1#车间、2#车间、宿舍楼、危化品仓库、门卫,汇旺（嘉善）精密机械有限公司,姚庄镇,姚庄镇清凉村,31869.9
243,嘉善县大往圩置业有限公司姚庄镇桃源新邨中心社区棚户区改造项目（姚庄3#地块）,嘉善县大往圩置业有限公司,姚庄镇,姚庄镇姚庄村,32249.57
244,嘉兴森莆电子科技有限公司1#车间、2#车间、宿舍楼、门卫、仓库,嘉兴森莆电子科技有限公司,姚庄镇,姚庄镇清凉村,24292.04
245,嘉善莫那印刷科技有限公司车间一、工具间、地下消防水池泵房,嘉善莫那印刷科技有限公司,姚庄镇,姚庄镇锦绣大道477号,14424.29
246,嘉善县大往圩置业有限公司姚庄镇桃源新邨中心社区棚户区改造项目（姚庄1#地块）,嘉善县大往圩置业有限公司,姚庄镇,姚庄镇姚庄村,110117.64
247,嘉善县临沪新城实业有限公司姚庄镇精密智造产业园项目(一期）,嘉善县临沪新城实业有限公司,姚庄镇,姚庄经济开发区,34900.24
248,浙江智泓科技有限公司1#、2#宿舍,浙江智泓科技有限公司,姚庄镇,姚庄镇宝群路368号,14465.94
249,浙江福莱新材料股份有限公司车间、综合大楼、宿舍楼、危化品仓库、配电房、锅炉房、,浙江福莱新材料股份有限公司,姚庄镇,姚庄镇清凉村,58444.81
250,嘉兴金敞电梯有限公司1#门卫、2#门卫、地下消防泵房及消防水池、1#车间,嘉兴金敞电梯有限公司,姚庄镇,姚庄镇清凉村,26898.28
251,嘉善县临沪新城实业有限公司姚庄镇精密智造产业园项目(二期)（1#、2#宿舍楼、3#宿舍楼、配电房）,嘉善县临沪新城实业有限公司,姚庄镇,姚庄镇益群路88号,49503.97
252,浙江丰贸群家具有限公司1#仓库、2#仓库、1#车间,浙江丰贸群家具有限公司,姚庄镇,姚庄镇姚庄村锦绣大道,18693.42
253,嘉兴市嘉伟达科技有限公司1#车间、2#车间、门卫,嘉兴市嘉伟达科技有限公司,姚庄镇,姚庄镇清凉村,18920.28
254,嘉善县姚庄城镇投资开发有限公司姚庄镇兴业西路道路向东延伸工程（姚庄港桥—新景路）项目,嘉善县姚庄城镇投资开发有限公司,姚庄镇,姚庄镇姚庄村,0
255,嘉善昆季精密工业有限公司研发车间,嘉善昆季精密工业有限公司,姚庄镇,姚庄镇刘河路118号,2745.2
256,嘉兴国厦精密机械制造有限公司1#车间、2#车间,嘉兴国厦精密机械制造有限公司,姚庄镇,嘉善县姚庄镇南鹿村,24333.19
257,嘉善县大往圩置业有限公司姚庄镇姚庄片城中村建设改造“棚户区”项目道路工程4#地块,嘉善县大往圩置业有限公司,姚庄镇,姚庄镇武长村,0
258,嘉善县临沪新城实业有限公司姚庄镇精密智造产业园项目三期（1#、2#宿舍楼）,嘉善县临沪新城实业有限公司,姚庄镇,姚庄经济开发区,69387.71
259,嘉善县临沪新城实业有限公司示范区（嘉善县片区）浙江姚庄经济开发区基础设施配套项目精密智造产业园B4车,嘉善县临沪新城实业有限公司,姚庄镇,姚庄经济开发区,45863.41
260,嘉善县大往圩置业有限公司姚庄镇姚庄片城中村建设改造“棚户区”项目道路工程--1#地块,嘉善县大往圩置业有限公司,姚庄镇,姚庄镇姚庄村,0
261,乾大新材料有限公司2#车间、辅助用房、门卫、地下消防水池,乾大新材料有限公司,姚庄镇,姚庄镇万泰路,12295.86
262,浙江格蕾特电器股份有限公司门卫、1#车间、食堂及宿舍楼,浙江格蕾特电器股份有限公司,,姚庄镇清凉村,38449.75
