序号,项目名称,项目地点1,项目地点,造价,建设内容,未挂上
1,"年产超导电缆100公里（6千伏及以上（陆上用）干法交联电力电缆制造项目除外）、超导磁体50台-生产车间2,生产车间3,研发车间,门卫2",吴江经济技术开发区大兢路518号,苏州市吴江经济技术开发区大兢路518号,5850.04,房屋建筑,
2,年产环保包装纸制品7500万平方米（一期建设工程（包含：2#厂房、配电房、门卫一、门卫二））,吴江经济技术开发区同津大道东侧、云龙东路北侧,苏州市吴江经济技术开发区同津大道东侧、云龙东路北侧,8100,房屋建筑,
3,年产塑料制品600吨及光学扩散板2万吨项目,经济技术开发区长港路南横桥路西侧,苏州市经济技术开发区长港路南横桥路西侧,9510.41,房屋建筑,
4,年包装商品4000万件-年包装商品4000万件,吴江经济技术开发区同津大道1688号,苏州市吴江经济技术开发区同津大道1688号,20100,房屋建筑,
5,内部装修,苏州市吴江区同里镇云梨路528号,苏州市苏州市吴江区同里镇云梨路528号,500,装饰装修,
6,内部装修-苏州朗信智能科技有限公司内部装修,江苏省苏州市吴江经济技术开发区光明路1868号E栋北侧,苏州市江苏省苏州市吴江经济技术开发区光明路1868号E栋北侧,85,装饰装修,
7,内部装修,吴江经济技术开发区叶锦路8号,苏州市吴江经济技术开发区叶锦路8号,30,装饰装修,
8,苏州京东方医院扩建工程,江苏省苏州市吴江区庞东路600号,苏州市江苏省苏州市吴江区庞东路600号,2457.3,房屋建筑,
9,扩建厂房,苏州市吴江区同里镇同肖西路1999号,苏州市苏州市吴江区同里镇同肖西路1999号,223,房屋建筑,
10,内部装修-内部装修,吴江经济技术开发区庞金路1801号庞金工业坊,苏州市吴江经济技术开发区庞金路1801号庞金工业坊,682.06,装饰装修,
11,内部装修,江苏省吴江经济开发区庞金路808号,苏州市江苏省吴江经济开发区庞金路808号,458.2,装饰装修,
12,内部装修,吴江经济技术开发庞北路东侧,苏州市吴江经济技术开发庞北路东侧,1598.86,装饰装修,
14,吴江开发区（同里镇）庞东路东侧栅桥路南侧地块项目（WJ-J-2020-019）二期,吴江开发区庞东路东侧栅桥路南侧,苏州市吴江开发区庞东路东侧栅桥路南侧,65204.03,房屋建筑,
15,"年产铜箔2.2万吨-车间一,车间二,取水泵房,门卫",江苏省苏州市吴江区震泽镇朱家浜村,苏州市江苏省苏州市吴江区震泽镇朱家浜村,2508.68,房屋建筑,
16,"改建厂房40000平方米-生产车间一,生产车间四",吴江经济开发区（同里镇）屯村合心村,苏州市吴江经济开发区（同里镇）屯村合心村,2420,房屋建筑,
17,年产给排水成套设备200套项目-车间一,吴江区同里镇上元街富士路,苏州市吴江区同里镇上元街富士路,630,房屋建筑,
18,新建厂房和辅房100000平方米（2#厂房、3#厂房）,震泽镇双阳村民营开发区318国道南侧,苏州市震泽镇双阳村民营开发区318国道南侧,5023.01,房屋建筑,
19,公司整体搬迁改造项目三标段,大兢路与同津大道交叉口东南侧地块,苏州市大兢路与同津大道交叉口东南侧地块,217.01,房屋建筑,
20,"新建辅房-新建辅房,门卫",吴江经济技术开发区泉源路68号,苏州市吴江经济技术开发区泉源路68号,6000,房屋建筑,
21,年产2400万平方米光伏玻璃,苏州吴江经济开发区潘龙路88号,苏州市苏州吴江经济开发区潘龙路88号,1355,房屋建筑,
22,年产200吨益生菌菌粉及10000吨微生态制剂项目-车间一,吴江经济技术开发区大兢路、光明路交叉口西北侧,苏州市吴江经济技术开发区大兢路、光明路交叉口西北侧,2950,房屋建筑,
23,年产纸板500万平方米-新建车间二,吴江经济技术开发区西联村,苏州市吴江经济技术开发区西联村,2466,房屋建筑,
24,"年产120万平方米中空玻璃-玻璃加工车间（三期）,危险品库,垃圾池（含雨水收集池、应急池）,消防泵房及水池",吴江经济开发区庞金路869号。,苏州市吴江经济开发区庞金路869号。,5925.71,房屋建筑,
25,吴江区震泽实验小学新建教学楼工程,苏州市吴江区震泽镇镇南一路1688号,苏州市苏州市吴江区震泽镇镇南一路1688号,6669.21,房屋建筑,
26,年产液压元件35万件,吴江经济技术开发区兴东路西侧采字路北侧,苏州市吴江经济技术开发区兴东路西侧采字路北侧,68725.56,房屋建筑,
27,"年产视觉模块3000套、工业机器人2000台、伺服驱动产品6000台-4#车间,5#车间,设备用房2,消防控制室2",苏州市吴江经济技术开发区富家路、乌金路交叉口西北侧,苏州市苏州市吴江经济技术开发区富家路、乌金路交叉口西北侧,4418,房屋建筑,
28,"新建厂房-车间四,配电间2",吴江经济技术开发区庞东路以东南村路以北,苏州市吴江经济技术开发区庞东路以东南村路以北,2230,房屋建筑,
29,2#车间、3#车间,苏州市吴江经济技术开发区富家路、乌金路交叉口西北侧,苏州市苏州市吴江经济技术开发区富家路、乌金路交叉口西北侧,4742.38,房屋建筑,
30,新建厂房（平谦国际一期厂房工程 厂房K）,苏州市吴江经济技术开发区光明路1868号,苏州市苏州市吴江经济技术开发区光明路1868号,4000,房屋建筑,
31,WJ-J-2020-014号地块商住项目三期商业,吴江区震泽镇镇南路南侧双泽路东侧,苏州市吴江区震泽镇镇南路南侧双泽路东侧,4581.72,房屋建筑,
32,",生产车间、配电房、消防水池,生产车间、配电房、消防水池",吴江经济技术开发区厍浜路,苏州市吴江经济技术开发区厍浜路,1500,房屋建筑,
33,年产电子电器外壳500万件、汽车零部件200万件、家电组件500万件,吴江经济技术开发区山湖西路305号,苏州市吴江经济技术开发区山湖西路305号,7020,房屋建筑,
34,欣安吴江新建厂房,苏州市吴江区叶港路333号,苏州市苏州市吴江区叶港路333号,813,房屋建筑,
35,年产洁净板材100万平方米、空气净化设备50万台,吴江经济技术开发区山湖西路658号,苏州市吴江经济技术开发区山湖西路658号,3110,房屋建筑,
36,年产冲压件1296万件项目-车间三,吴江经济技术开发区吉市东路南侧,苏州市吴江经济技术开发区吉市东路南侧,1299.16,房屋建筑,
37,年产阿拉伯头巾500万条，服装服饰99万件-车间七,吴江区震泽镇八都社区明港大道东侧,苏州市吴江区震泽镇八都社区明港大道东侧,1100,房屋建筑,
38,年产金属制品5000吨项目（新建厂房）,江苏省苏州市吴江区震泽镇新乐村31组,苏州市江苏省苏州市吴江区震泽镇新乐村31组,750,房屋建筑,
40,新建厂房38000平方米,吴江区八都镇龙降桥村七、八组,苏州市吴江区八都镇龙降桥村七、八组,1500,房屋建筑,
41,年产连接器5000万套、接插器50亿只,山湖西路355号,苏州市山湖西路355号,1567.04,房屋建筑,
42,扩建厂房及辅房,吴江经济技术开发区同津大道新字路交叉口西北侧,苏州市吴江经济技术开发区同津大道新字路交叉口西北侧,670,房屋建筑,
43,年产庭园金属家具50万套生产技术改造项目（生产车间）,震泽民营开发区,苏州市震泽民营开发区,2877,房屋建筑,
44,年产1200万片新型电子器件,吴江经济技术开发区同津大道与江兴路交界处,苏州市吴江经济技术开发区同津大道与江兴路交界处,16550,房屋建筑,
45,"WJ-J-2017-041、WJ-J-2017-042地块住宅项目-11#,17#",吴江经济技术开发区江陵东路南侧、运东大道西侧,苏州市吴江经济技术开发区江陵东路南侧、运东大道西侧,7266.97,房屋建筑,
46,"WJ-J-2017-041、WJ-J-2017-042地块住宅项目-1#,2#,3#,4#,5#,9#,10#,16#,22#,28#,29#,2#变配电,2#开闭所、3#变配电,6#变配电,2#门卫",吴江经济技术开发区江陵东路南侧、运东大道西侧,苏州市吴江经济技术开发区江陵东路南侧、运东大道西侧,15573.34,房屋建筑,
47,"新建厂房项目-消防水池,汽车坡道",吴江经济技术开发区兴东路西侧,苏州市吴江经济技术开发区兴东路西侧,691.35,房屋建筑,
48,"新建厂房项目-16#车间,17#车间18#车间,19#仓库,20#仓库,C连廊,门卫四,门卫三,舞台",吴江经济技术开发区兴东路西侧,苏州市吴江经济技术开发区兴东路西侧,8293.31,房屋建筑,
49,苏州湾天空之城商服项目-2-4#,吴江区经济技术开发区庞金路东侧、云梨路南侧地块,苏州市吴江区经济技术开发区庞金路东侧、云梨路南侧地块,14340.95,房屋建筑,
51,吴江华丰电子科技园区停车栋新建工程,吴江经济技术开发区吉市路168号,苏州市吴江经济技术开发区吉市路168号,2350,房屋建筑,
52,年产纸制品20亿只项目（生产车间、仓库、连廊),苏州市吴江区震泽镇曹村村,苏州市苏州市吴江区震泽镇曹村村,2980,房屋建筑,
53,吴江开发区（同里镇）庞东路东侧栅桥路南侧地块（WJ-J-2020-019）一期S1#楼,吴江区庞东路东侧栅桥路南侧,苏州市吴江区庞东路东侧栅桥路南侧,200.37,房屋建筑,
54,"新建厂房项目-1#仓库,3#仓库,5#仓库,7#厂房,9#厂房,11#厂房,13#厂房,15#仓库,B连廊",吴江经济技术开发区兴瑞路,苏州市吴江经济技术开发区兴瑞路,12300,房屋建筑,
55,年产服饰99万件-年产服饰99万件项目（车间一）,吴江区震泽镇朱家浜村,苏州市吴江区震泽镇朱家浜村,736,房屋建筑,
56,内部装修,江苏省苏州市吴江区同里镇环湖西路233号,苏州市江苏省苏州市吴江区同里镇环湖西路233号,46,装饰装修,
57,年产瓦楞纸箱3000万平方米（新建生产车间）,吴江经济技术开发区富土路111号,苏州市吴江经济技术开发区富土路111号,1495,房屋建筑,
58,增资建设年产伺服传动设备60000件厂房一、消控室及泵房水池,吴江经济技术开发区东河东侧、庞东路西侧,苏州市吴江经济技术开发区东河东侧、庞东路西侧,4455.88,房屋建筑,
60,吴江开发区（同里镇）庞东路东侧栅桥路南侧地块（WJ-J-2020-019）一期（14#、20#-32#楼、S2#、D3#、D4#、D7#、地库二）,吴江开发区庞东路东侧栅桥路南侧,苏州市吴江开发区庞东路东侧栅桥路南侧,83280.94,房屋建筑,
61,5#车间,吴江经济开发区甘泉西路807号,苏州市吴江经济开发区甘泉西路807号,922,房屋建筑,
63,WJ-J-2020-014号地块商住项目（1#-18#、P1#、P2#、P3#、门卫、地下车库、垃圾房）,吴江区震泽镇镇南路南侧双泽路东侧,苏州市吴江区震泽镇镇南路南侧双泽路东侧,32497.17,房屋建筑,
64,年产塑料膜、塑料包装袋5000吨（厚度0.03mm以上），生物降解包装袋3000吨（厚度0.025mm以上）2#车间、3#宿舍,苏州市吴江经济技术开发区同里镇富士路89号,苏州市苏州市吴江经济技术开发区同里镇富士路89号,3580,房屋建筑,
65,年产使用环保型中压气体的绝缘开关柜及智能化成套设备2000件,吴江区吴江经济技术开发区叶明路208号,苏州市吴江区吴江经济技术开发区叶明路208号,2520,房屋建筑,
66,吉市路幼儿园工程,吴江经济技术开发区吉市路与庞北路交叉口,苏州市吴江经济技术开发区吉市路与庞北路交叉口,8436.19,房屋建筑,
67,"年产有机高分子环保滤材100万平方米项目-车间一,仓库,综合楼,门卫一,地下喷淋水池及泵房",吴江区震泽镇朱家浜村,苏州市吴江区震泽镇朱家浜村,3280,房屋建筑,
68,WJ-J-2020-014号地块商住项目一期（19#）,吴江区震泽镇镇南路南侧双泽路东侧,苏州市吴江区震泽镇镇南路南侧双泽路东侧,100,房屋建筑,
69,年产高精密光电胶带5000万平方米、高精密电子零配件及3C产品配件5亿片,苏州市吴江区,苏州市苏州市吴江区,7700,房屋建筑,
70,公司整体搬迁改造项目二标段,大兢路与同津大道交叉口东南侧地块,苏州市大兢路与同津大道交叉口东南侧地块,17711.01,房屋建筑,
71,吴江区同里镇区域性养老服务中心项目,新大桥路东地块2,苏州市新大桥路东地块2,7761.88,房屋建筑,
72,扩建厂房,吴江区经济技术开发区庞南路西侧，庞南路799号,苏州市吴江区经济技术开发区庞南路西侧，庞南路799号,1800,房屋建筑,
73,年产2万件海绵制品件项目,吴江开发区兴东路，南巷路交叉口西北侧地块,苏州市吴江开发区兴东路，南巷路交叉口西北侧地块,1386,房屋建筑,
74,新建厂房,吴江经济技术开发区富家路、乌金路交叉口西北侧地块,苏州市吴江经济技术开发区富家路、乌金路交叉口西北侧地块,11000,房屋建筑,
75,公司整体搬迁改造项目一标段,大兢路与同津大道交叉口东南侧地块,苏州市大兢路与同津大道交叉口东南侧地块,23558.1,房屋建筑,
76,苏州市吴江区WJ-J-2019-033号地块建设项目工程总承包（34#）,吴江经济技术开发区庞山路东侧运东大道南侧,苏州市吴江经济技术开发区庞山路东侧运东大道南侧,126,房屋建筑,
77,新建厂房25000平方米项目（1#厂房）,苏州市吴江区震泽镇双阳村民营开发区318国道南侧,苏州市苏州市吴江区震泽镇双阳村民营开发区318国道南侧,3587.98,房屋建筑,
78,"双阳新农村安置房工程（34#楼,35#楼,生活泵房、地下消防水池及配电间）",吴江区震泽镇,苏州市吴江区震泽镇,2651.92,房屋建筑,
79,吴江区震泽镇震泽公园南侧藕河街北侧地块酒店项目,苏州市吴江区震泽镇藕河街,苏州市苏州市吴江区震泽镇藕河街,10888,房屋建筑,
80,WJ-J-2019-033号地块建设项目-1#~44#、M1#~M3#、地下车库,吴江经济技术开发区庞山路东侧运东大道南侧,苏州市吴江经济技术开发区庞山路东侧运东大道南侧,71948.27,房屋建筑,
81,"改建车间及新建配套用房项目-地磅棚、地磅房,卸料棚,生产塔楼-1,生产塔楼-2,厂房-2",中国江苏省吴江经济开发区光明路1899号,苏州市中国江苏省吴江经济开发区光明路1899号,5946.8,房屋建筑,
82,WJ-J-2019-013地块商服项目-会议中心大楼,吴江经济技术开发区运东大道东侧、云梨路北侧01地块，东至空地、南至行政中心、西至行政中心、北至大窑港,苏州市吴江经济技术开发区运东大道东侧、云梨路北侧01地块，东至空地、南至行政中心、西至行政中心、北至大窑港,8736.86,房屋建筑,
83,厂区工程,吴江经济开发区吉市东路与新浜路交叉口东南侧,苏州市吴江经济开发区吉市东路与新浜路交叉口东南侧,4580,房屋建筑,
84,塔影湾花苑安置小区一期二标段A区工程（6#、9#、17#、19#）,吴江区震泽镇塔影路南侧,苏州市吴江区震泽镇塔影路南侧,6617.92,房屋建筑,
85,塔影湾花苑安置小区一期二标段B区工程（7#、10#及人防地下室）,吴江区震泽镇,苏州市吴江区震泽镇,7170.33,房屋建筑,
86,吴江经济技术开发区运河实验学校二标段工程,吴江经济技术开发区湖心西路南与庞山路东的交叉口,苏州市吴江经济技术开发区湖心西路南与庞山路东的交叉口,14607.76,房屋建筑,
87,上海城新天地家园C区,震泽镇八都八七公路东侧,苏州市震泽镇八都八七公路东侧,5108,房屋建筑,
88,"年生产自动化设备800套项目（1#车间,2#车间,3#车间,4#车间、停车库,设备用房,消防控制室）",山湖西路庞山路交叉口东南侧,苏州市山湖西路庞山路交叉口东南侧,31240.09,房屋建筑,
89,WJ-J-2018-037地块住宅项目-吴江开发区（同里镇）WJ-J-2018-037地块住宅项目,吴江开发区（同里镇）北至万宇路、东至运东大道、西至运河中路、南至万湖路,苏州市吴江开发区（同里镇）北至万宇路、东至运东大道、西至运河中路、南至万湖路,34893.18,房屋建筑,
90,"吴江敏华寝居项目-地下车库二,1#宿舍,2#宿舍,餐厅",吴江经济技术开发区兴瑞路北地块,苏州市吴江经济技术开发区兴瑞路北地块,2720,房屋建筑,
91,车间一、二、消防泵房、消防水池、门卫、食堂,吴江区经济技术开发区富家路与乌金路交叉口西北侧,苏州市吴江区经济技术开发区富家路与乌金路交叉口西北侧,3520,房屋建筑,
92,吴江经济技术开发区WJ-J-2018-018地块普通住宅项目（一期）,吴江经济技术开发区吉市西路、运东大道交叉口西北侧,苏州市吴江经济技术开发区吉市西路、运东大道交叉口西北侧,65103.48,房屋建筑,
93,吴江经济技术开发区WJ-J-2018-019地块项目(1#、5#、7#、11#、12#、配电房4#),苏州市吴江开发区（同里镇）吉市西路、运河北路交叉口东北侧,苏州市苏州市吴江开发区（同里镇）吉市西路、运河北路交叉口东北侧,22700,房屋建筑,
94,山湖花园九区动迁安置房五标段（13#、16#、21#物业、养老设施用房、28#配电间三、31#开闭所二、配电间五、地库3）,吴江经济技术开发区（同里镇）兴东路、山湖东路交叉口西北侧,苏州市吴江经济技术开发区（同里镇）兴东路、山湖东路交叉口西北侧,12431.69,房屋建筑,
95,"山湖花园九区动迁安置房项目-6#,7#,22#社区管理用房,地库1",吴江经济技术开发区（同里镇）兴东路、山湖东路交叉口西北侧,苏州市吴江经济技术开发区（同里镇）兴东路、山湖东路交叉口西北侧,10742.9,房屋建筑,
96,山湖花园九区动迁安置房二标段（3#、4#、8#、12#、开闭所、2栋配电房）,兴东路、山湖东路交叉口北侧,苏州市兴东路、山湖东路交叉口北侧,13294.79,房屋建筑,
97,山湖花园九区动迁安置房一标段（1#、2#、5#、9#、2栋门卫、配电房）,吴江经济技术开发区（同里镇）兴东路、山湖东路交叉口西北侧,苏州市吴江经济技术开发区（同里镇）兴东路、山湖东路交叉口西北侧,13308.99,房屋建筑,
98,"山湖花园九区动迁安置房项目17#,18#,19#,20#,25#门卫,33#垃圾房,34#燃气调压室",吴江经济技术开发区（同里镇）兴东路、山湖东路交叉口西北侧,苏州市吴江经济技术开发区（同里镇）兴东路、山湖东路交叉口西北侧,13194.69,房屋建筑,
99,山湖花园九区动迁安置房四标段（10#、11#、14#、15#、32#配电间六、地库2）,兴东路、山湖东路交叉口西北侧,苏州市兴东路、山湖东路交叉口西北侧,14328.35,房屋建筑,
100,"吴江经济技术开发区WJ-J-2018-019地块项目(2#,3#,4#,8#,9#,10#,13#,14#,15#,16#住宅楼,门卫1,门卫2,配电房1#,开闭所、配电房2#，配电房3#,地库)",苏州市吴江开发区（同里镇）吉市西路、运河北路交叉口东北侧,苏州市苏州市吴江开发区（同里镇）吉市西路、运河北路交叉口东北侧,25000,房屋建筑,
101,车间一、车间二、办公楼、研发车间、配电房、门卫、泵房,庞金路以东、湖心西路以北,苏州市庞金路以东、湖心西路以北,2220,房屋建筑,
102,WJ-J-2017-041、042号地块一期（6-8#、12-15#、18-21#、23-27#、幼儿园、幼儿园门卫幼儿园专变、1#变配电开闭所、1#门卫、4#变配电、5#变配电、垃圾房、地下车库一）,吴江经济技术开发区江陵东路南侧、运东大道西侧,苏州市吴江经济技术开发区江陵东路南侧、运东大道西侧,60000,房屋建筑,
103,"“WJ-J-2019-019号”地块建设项目-4#,5#,6#,7#,8#,9#,10#,2#配电房,3#配电房,开关站,地下车库,1-2#门卫,3-4#门卫",苏州吴江半岛路南，环湖路东,苏州市苏州吴江半岛路南，环湖路东,71500,房屋建筑,
104,“WJ-J-2019-019号”地块建设项目二期（总承包）,吴江开发区滨湖北路西侧、半岛路南侧、太湖东侧,苏州市吴江开发区滨湖北路西侧、半岛路南侧、太湖东侧,44000,房屋建筑,
105,"“WJ-J-2019-019号”地块建设项目-1#,2#,3#,地下车库二,1#配电房,4#服务型公寓,5#商业",吴江开发区太湖梢1号地块,苏州市吴江开发区太湖梢1号地块,39600,房屋建筑,
106,WJ-J-2019-020地块一期（8#11#12#13#、P6#物业用房、P7#垃圾收集站、P8#开闭所、P9#配电房）,吴江经济技术开发区太湖梢2号地块,苏州市吴江经济技术开发区太湖梢2号地块,7338.98,房屋建筑,
107,WJ-J-2019-020地块二期（7#、9#、10#、P10#3#配电房、地下车库二）,吴江经济技术开发区太湖梢2号地块,苏州市吴江经济技术开发区太湖梢2号地块,12421.32,房屋建筑,
108,WJ-J-2019-020地块一期（2#5#住宅、地下车库一）,吴江经济技术开发区太湖梢2号地块,苏州市吴江经济技术开发区太湖梢2号地块,6513.97,房屋建筑,
109,WJ-J-2019-020地块二期（1#、3#、4#、6#、P1#1#配电房、P2#门卫、P3#居家养老服务用房、P4#（物业管理用房、消防控制室、通信机房）、P5#2#配电房）,吴江经济技术开发区太湖梢2号地块,苏州市吴江经济技术开发区太湖梢2号地块,10432.49,房屋建筑,
110,WJ-J-2019-020地块三期(1#楼～12#楼、P1#～P4#、(P5、6#)、地下车库),吴江经济技术开发区太湖梢2号地块,苏州市吴江经济技术开发区太湖梢2号地块,21991.3,房屋建筑,
112,WJ-J-2019-022地块项目,吴江开发区（同里镇）云龙西路北侧、杨中路东侧、益和路南侧,苏州市吴江开发区（同里镇）云龙西路北侧、杨中路东侧、益和路南侧,40000,房屋建筑,
113,9#地块3#、4#、7#～12#楼、地下车库（02区）、2#、3#配电房、1#、2#门卫工程,吴江经济开发区江陵西路,苏州市吴江经济开发区江陵西路,19345,房屋建筑,
114,"年产消防系统50000套项目-车间三,车间四,门卫",吴江经济技术开发区云龙西路北侧长安路东侧,苏州市吴江经济技术开发区云龙西路北侧长安路东侧,2320,房屋建筑,
115,年产单臂机器人模组60000套项目-五金加工车间,吴江经济技术开发区二二七复线西侧,苏州市吴江经济技术开发区二二七复线西侧,1498,房屋建筑,
120,年产通用设备100台（科创园1#、2#厂房）,吴江区云创路西侧、长安路东侧,苏州市吴江区云创路西侧、长安路东侧,3981.4,房屋建筑,
121,"创新性治疗用单克隆抗体产业化-车间二,车间三,仓库一,仓库二,设备用房（污水处理站房）",吴江经济技术开发区云创路以东、龙桥路以西,苏州市吴江经济技术开发区云创路以东、龙桥路以西,8453.12,房屋建筑,
122,"创新性治疗用单克隆抗体产业化-车间四,危险品库,设备用房（动力中心）,地下室,职工宿舍,门卫",吴江区龙桥路西、云创路东,苏州市吴江区龙桥路西、云创路东,9331.97,房屋建筑,
123,年组装汽车配件15000台套项目（车间一、门卫及地下消防水池）,吴江区太湖新城友谊工业区,苏州市吴江区太湖新城友谊工业区,2315.94,房屋建筑,
125,太湖新城WJ-J-2018-034地块商服项目（亨通苏州湾文化旅游项目二期）,吴江区太湖新城旅游度假区规划内湖东侧,苏州市吴江区太湖新城旅游度假区规划内湖东侧,7228,房屋建筑,
126,太湖新城（松陵镇）胜信路南侧行船河路西侧03地块商服项目,吴江区太湖新城胜信路南侧行船河路西侧,苏州市吴江区太湖新城胜信路南侧行船河路西侧,4289.94,房屋建筑,
127,吴江区生活垃圾焚烧发电扩容建设项目（生活垃圾焚烧厂二期）,苏州市吴江区松陵镇太湖新城汤华村（苏同黎公路西侧）,苏州市苏州市吴江区松陵镇太湖新城汤华村（苏同黎公路西侧）,32600,房屋建筑,
129,苏州长三角示范区产学研合作园（一期项目）1#综合楼、2#动力房,吴江区227省道西侧、莘七公路北侧,苏州市吴江区227省道西侧、莘七公路北侧,7526.75,房屋建筑,
130,太湖新城（松陵镇）WJ-J-2016-046地块商业用房项目-太湖新城（松陵镇）WJ-J-2016-046地块商业用房,太湖新城（松陵镇）旅游度假区01地块，王焰南边，省道西边,苏州市太湖新城（松陵镇）旅游度假区01地块，王焰南边，省道西边,16000,房屋建筑,
131,新建厂房（车间六、配电间）,吴江区松陵镇八坼友谊村6组,苏州市吴江区松陵镇八坼友谊村6组,2900,房屋建筑,
132,"年产超滤设备1万套项目-1#办公楼,2#厂房,3#厂房",苏州市吴江横扇街道菀坪创业路西侧南新路北侧,苏州市苏州市吴江横扇街道菀坪创业路西侧南新路北侧,6000,房屋建筑,
133,1#车间,苏州市吴江区七都镇吴越路西侧,苏州市苏州市吴江区七都镇吴越路西侧,772.8,房屋建筑,
134,年产新型高分子建筑防水卷材1亿平方米（聚乙烯丙纶类复合防水卷材、S型聚氯乙烯防水卷材除外),吴江区七都镇,苏州市吴江区七都镇,11511.3,房屋建筑,
136,新建人才公寓16300平方米,吴江区七都镇七都大道南,苏州市吴江区七都镇七都大道南,3708.34,房屋建筑,
137,新建生产车间14400平方米项目（车间、消防水池）,吴江区七都镇庙港开发区,苏州市吴江区七都镇庙港开发区,2080,房屋建筑,
138,年产服装98万件-车间一,苏州市吴江区七都镇庙港开弦弓村,苏州市苏州市吴江区七都镇庙港开弦弓村,2620,房屋建筑,
139,新建车间5100平方米项目(车间一、车间二、车间三）,苏州市吴江区七都镇临湖经济区创立路178号,苏州市苏州市吴江区七都镇临湖经济区创立路178号,705,房屋建筑,
140,年产电力管50万米、通信管50万米、超细电子导线100吨项目（车间一）,吴江区七都镇建设路南侧,苏州市吴江区七都镇建设路南侧,1220,房屋建筑,
141,新建车间11500平方米（新建车间3#）,吴江区七都镇临湖经济区中区,苏州市吴江区七都镇临湖经济区中区,828.84,房屋建筑,
142,年产铜丝300吨、电线电缆30万公里项目（车间三、车间四、地下泵房）,吴江区七都镇建设路南侧,苏州市吴江区七都镇建设路南侧,3418,房屋建筑,
143,扩建厂房3600平方米-车间三,吴江区七都镇双塔桥村,苏州市吴江区七都镇双塔桥村,471.8,房屋建筑,
144,WJ-J-2019-034地块住宅项目,吴江区桃源镇商城路南侧地块,苏州市吴江区桃源镇商城路南侧地块,37690,房屋建筑,
145,年产压光机300套-接建车间,吴江区桃源镇齐心西街38号,苏州市吴江区桃源镇齐心西街38号,450,房屋建筑,
146,"年产压光机300套项目（车间,办公楼）",吴江区桃源镇齐心西街38号,苏州市吴江区桃源镇齐心西街38号,370,房屋建筑,
147,桃源镇敬老院养老服务中心,吴江区桃源镇麻溪路165号,苏州市吴江区桃源镇麻溪路165号,2601.07,房屋建筑,
148,"福煜人家-18号楼,22号楼,生活水泵房-消防水泵房,门卫-监控室",苏州市吴江区桃源镇铜罗社区迎春路东、镇中路南,苏州市苏州市吴江区桃源镇铜罗社区迎春路东、镇中路南,3000,房屋建筑,
149,"新建厂房33000平方米（车间一,车间二,地下泵房）,车间二,地下泵房",江苏省苏州市吴江区桃源镇南和经济开发区,苏州市江苏省苏州市吴江区桃源镇南和经济开发区,4258,房屋建筑,
150,吴江区桃源镇WJ-J-2018-024地块商住项目3#楼,"吴江区桃源镇东至苏震桃公路,南至华天路,西至华盛大道,北至空地","苏州市吴江区桃源镇东至苏震桃公路,南至华天路,西至华盛大道,北至空地",191,房屋建筑,
151,新建厂区工程,吴江区七都镇七都大道北侧,苏州市吴江区七都镇七都大道北侧,2745.64,房屋建筑,
152,车间一,吴江区七都镇七都大道北侧,苏州市吴江区七都镇七都大道北侧,654.36,房屋建筑,
153,假捻丝、加弹丝技术改造项目,苏州市吴江区桃源镇富乡村,苏州市苏州市吴江区桃源镇富乡村,4051.16,房屋建筑,
154,新建车间9000平方米项目（拟建车间四）,吴江区七都镇心田湾,苏州市吴江区七都镇心田湾,698.47,房屋建筑,
155,万宝至马达（江苏）有限公司内部装修工程1#宿舍楼装修项目,苏州市吴江经济技术开发区柳胥路100号,苏州市苏州市吴江经济技术开发区柳胥路100号,2175,装饰装修,
156,"苏州长三角示范区产学研合作园（一期项目）-3#学院楼,4#学院楼,5#行政楼,6#食堂,7#体育馆,8#学生宿舍,9#学生宿舍,10#学生宿舍,11#学生宿舍,12#教师公寓,地下车库",吴江区 227 省道西侧、莘七公路北侧,苏州市吴江区 227 省道西侧、莘七公路北侧,71709,房屋建筑,
157,中山北路西侧江陵西路南侧地块（逸品阁二期）4#-8#楼、配电房、二期地下汽车库,吴江经济开发区中山北路西侧、江陵西路南侧,苏州市吴江经济开发区中山北路西侧、江陵西路南侧,21000,房屋建筑,
158,年产组装用铝合金防撞梁10万套及组装车用底盘护板10万套项目(新建车间(四)),吴江区七都镇港东开发区,苏州市吴江区七都镇港东开发区,778.87,房屋建筑,
159,年产经编织品9000吨、组装经编设备80台项目-车间二,太湖新城菀南工业区南新路,苏州市太湖新城菀南工业区南新路,563.58,房屋建筑,
160,年产模具（轮胎、自行车胎、摩托车胎手工刻花硫化模具除外）600套,苏州市吴江经济技术开发区五方路北侧鼎新东侧,苏州市苏州市吴江经济技术开发区五方路北侧鼎新东侧,800,房屋建筑,
161,自动化生产装备技术改造项目-自动化生产装备技术改造项目,苏州市吴江经济技术开发区亨通路88号,苏州市苏州市吴江经济技术开发区亨通路88号,725,房屋建筑,
162,WJ-J-2020-023地块商服用房项目,桃源镇原印染厂,苏州市桃源镇原印染厂,38430,房屋建筑,
163,新建厂房项目,太湖新城友谊工业区鑫康路,苏州市太湖新城友谊工业区鑫康路,1580,房屋建筑,
164,柳胥村商贸中心工程,苏州市吴江经济技术开发区九龙路东侧,苏州市苏州市吴江经济技术开发区九龙路东侧,608.37,房屋建筑,
165,"WJ-J-2020-032号地块住宅项目-1#,2#,3#,4#,5#,6#,7#,P1配电房,P2配电房,养老用房,地下车库",苏州市吴江区花港路南侧，地铁花港站西侧,苏州市苏州市吴江区花港路南侧，地铁花港站西侧,32432.51,房屋建筑,
166,内部装修,吴江经济技术开发区联杨路599号2号楼一层大厅，二三层,苏州市吴江经济技术开发区联杨路599号2号楼一层大厅，二三层,180,装饰装修,
167,年产新能源动力电池智能干燥设备100套-车间二,吴江区经济开发区益胜路北侧,苏州市吴江区经济开发区益胜路北侧,1300,房屋建筑,
168,内部装修,吴江经济开发区龙桥路758号2号楼3层,苏州市吴江经济开发区龙桥路758号2号楼3层,980,装饰装修,
169,电梯智能制造项目（车间一、办公楼、地下泵房及消防水池）,七都镇七都大道北侧,苏州市七都镇七都大道北侧,4678,房屋建筑,
170,厂房扩建项目,吴江经济开发区柳胥路479号,苏州市吴江经济开发区柳胥路479号,2612,房屋建筑,
171,新建厂房8800平方米项目（新建厂房）,苏州市吴江区桃源镇瑾下浜村12组,苏州市苏州市吴江区桃源镇瑾下浜村12组,1000,房屋建筑,
172,"吴江区桃源幼儿园工程-教学楼,门卫室",吴江区桃源镇戴家浜村,苏州市吴江区桃源镇戴家浜村,3534.97,房屋建筑,
173,年组装电气成套柜5000台、工业机器人1500台项目,吴江经济技术开发区龙桥路东侧、芦荡路南侧地块,苏州市吴江经济技术开发区龙桥路东侧、芦荡路南侧地块,11000,房屋建筑,
174,新建车间4380平方米-新建车间4380平方米,江苏省苏州市吴江区,苏州市江苏省苏州市吴江区,980,房屋建筑,
175,新建车间8000平方米-新建车间8000平方米（车间二）,苏州市吴江区七都镇临湖经济区,苏州市苏州市吴江区七都镇临湖经济区,840,房屋建筑,
176,新建厂房项目（新建车间）,吴江区桃源镇东方大道,苏州市吴江区桃源镇东方大道,900,房屋建筑,
177,WJ-J-2020-022地块商服用房项目,吴江区桃源镇原水泥厂地块,苏州市吴江区桃源镇原水泥厂地块,21620,房屋建筑,
178,年产自动化智能分拣装置100套、分拣设备配件3000套（新建车间二）,江苏省苏州市吴江区七都镇庙港太平桥村,苏州市江苏省苏州市吴江区七都镇庙港太平桥村,600,房屋建筑,
179,"“WJ-J-2019-020”地块建设项目-酒店A区,酒店B区,酒店C区",吴江经济技术开发区太湖梢2号地块,苏州市吴江经济技术开发区太湖梢2号地块,5697.85,房屋建筑,
180,新建车间及辅房12000平方米（新建办公楼、仓库、消防泵房及地下消防水池）项目,吴江区七都镇人民路6号,苏州市吴江区七都镇人民路6号,1200,房屋建筑,
182,内部装修,苏州市吴江区七都镇新村一路南（吴溇路49号）,苏州市苏州市吴江区七都镇新村一路南（吴溇路49号）,20,装饰装修,
183,内部装修-吴江舒家大院装饰工程,苏州市吴江区经济技术开发区联杨路599号,苏州市苏州市吴江区经济技术开发区联杨路599号,90.6,装饰装修,
184,内部装修,吴江区松陵镇鲈乡北路675号,苏州市吴江区松陵镇鲈乡北路675号,104.42,装饰装修,
185,年产电梯轿厢1000套项目（4#厂房）,吴江区桃源镇新和村,苏州市吴江区桃源镇新和村,598,房屋建筑,
186,年产新型高分子建筑防水卷材1亿平方米（聚乙烯丙纶类复合防水卷材、S型聚氯乙烯防水卷材除外）项目（4#厂房、5#厂房、门卫一）,江苏省苏州市吴江区七都镇亨通大道888号,苏州市江苏省苏州市吴江区七都镇亨通大道888号,2438,房屋建筑,
187,内部装修,松陵镇吴江经济开发区华鸿路东侧、古塘路北侧,苏州市松陵镇吴江经济开发区华鸿路东侧、古塘路北侧,30,装饰装修,
188,内部装修,吴江经济技术开发区联杨路139号吴江科创园7号楼1层,苏州市吴江经济技术开发区联杨路139号吴江科创园7号楼1层,50,装饰装修,
189,内部装修,苏州市吴江区横扇镇宛坪社区同心路88号伟业·锦绣江南18幢,苏州市苏州市吴江区横扇镇宛坪社区同心路88号伟业·锦绣江南18幢,70,装饰装修,
190,内部装修,吴江区芦荡路228号,苏州市吴江区芦荡路228号,1644.27,装饰装修,
191,新建厂房5650平方米-6#丁类车间,苏州市吴江区七都镇七都大道169号,苏州市苏州市吴江区七都镇七都大道169号,1560,房屋建筑,
193,年产环保专用设备20万根,苏州市吴江区桃源镇大德村小桥头,苏州市苏州市吴江区桃源镇大德村小桥头,5400,房屋建筑,
194,内部装修-苏州中广华夏影院管理有限公司内部装修,苏州吴江经济技术开发区联杨路599号1号楼4层,苏州市苏州吴江经济技术开发区联杨路599号1号楼4层,88,装饰装修,
195,新建厂房项目（厂房一、厂房二、门卫）,吴江区桃源镇富乡村,苏州市吴江区桃源镇富乡村,7809.65,房屋建筑,
196,内部装修,苏州市吴江区江陵街道联杨路599号第三幢第三层303-03-01铺,苏州市苏州市吴江区江陵街道联杨路599号第三幢第三层303-03-01铺,38,装饰装修,
198,年产光纤预制棒800吨项目（110KV变配电房）,亨通路古塘路交叉口北侧，交通北路168号,苏州市亨通路古塘路交叉口北侧，交通北路168号,923.72,房屋建筑,
200,"厂区工程-3#生产车间,宿舍",吴江经济技术开发区龙友路88号,苏州市吴江经济技术开发区龙友路88号,3518,房屋建筑,
201,年组装纺织机1000台-车间(消防水池),苏州市吴江区七都镇庙港联强村,苏州市苏州市吴江区七都镇庙港联强村,1500,房屋建筑,
202,内部装修,苏州市吴江区江陵街道长板路1号天城花园商业1幢商铺109一至三层局部,苏州市苏州市吴江区江陵街道长板路1号天城花园商业1幢商铺109一至三层局部,45,装饰装修,
203,内部装修,吴江区松陵镇八坼环镇北路,苏州市吴江区松陵镇八坼环镇北路,58,装饰装修,
204,内部装修,吴江经济技术开发区省道227西侧青禾创客空间1层及3层办公区,苏州市吴江经济技术开发区省道227西侧青禾创客空间1层及3层办公区,93.97,装饰装修,
205,年产智能垃圾分类设备（系统 ）1000套、固体废弃物处理设备（系 统）1000套、工业机器人1万套、垃圾分类大数据系统100套、节能环保设备 （系统）100套,吴江经济技术开发区五方路北侧、龙桥路东侧地块,苏州市吴江经济技术开发区五方路北侧、龙桥路东侧地块,12000,房屋建筑,
206,新建厂房8000平方米,吴江区桃源镇远欣路1799号,苏州市吴江区桃源镇远欣路1799号,598,房屋建筑,
207,内部装修,吴江经济开发区交通路668号,苏州市吴江经济开发区交通路668号,188,装饰装修,
208,金域华府东侧幼儿园项目总承包工程,吴江区高新路北、长安路东侧,苏州市吴江区高新路北、长安路东侧,3568.37,房屋建筑,
209,苏州湾（吴江）外国语学校扩建项目,吴江区松陵镇龙河路1500号,苏州市吴江区松陵镇龙河路1500号,1700,房屋建筑,
210,WJ-J-2020-004号地块科研及商服建设项目（三期）,苏州市吴江区开平路南、春兰街西,苏州市苏州市吴江区开平路南、春兰街西,57035.43,房屋建筑,
211,红星美凯龙住宅西南角幼儿园工程,吴江区夏蓉街以东、东太湖大道以北,苏州市吴江区夏蓉街以东、东太湖大道以北,6510.76,房屋建筑,
212,WJ-J-2020-004号地块科研及商服建设项目（四期）,苏州市吴江区东太湖度假区（太湖新城）苏州湾大道东侧开平路南侧地块,苏州市苏州市吴江区东太湖度假区（太湖新城）苏州湾大道东侧开平路南侧地块,45690.35,房屋建筑,
213,WJ-J-2020-004号地块科研及商服建设项目（二期）,苏州市吴江区东太湖度假区（太湖新城）苏州湾大道东侧开平路南侧地库,苏州市苏州市吴江区东太湖度假区（太湖新城）苏州湾大道东侧开平路南侧地库,46865.24,房屋建筑,
214,建设苏州湾文化中心配套工程-苏州湾文化中心配套工程—内装修工程,太湖新城湖景街东，映山街西,苏州市太湖新城湖景街东，映山街西,1160.25,装饰装修,
215,苏州湾文化中心配套工程精品建筑工程,太湖新城湖景街东，映山街西,苏州市太湖新城湖景街东，映山街西,217.32,房屋建筑,
216,顺丰创智产业基地项目,江苏省吴江东太湖生态旅游度假区（太湖新城）尖田路,苏州市江苏省吴江东太湖生态旅游度假区（太湖新城）尖田路,43500,房屋建筑,
217,WJ-J-2020-004号地块科研及商服建设项目（一期）,苏州市吴江区东太湖度假区（太湖新城）苏州湾大道东侧开平路南侧地块,苏州市苏州市吴江区东太湖度假区（太湖新城）苏州湾大道东侧开平路南侧地块,56435.43,房屋建筑,
218,吴江区实验初级中学改扩建工程-土建总包,吴江区太湖新城吴模路1855号,苏州市吴江区太湖新城吴模路1855号,2665.08,房屋建筑,
219,东太湖度假区（太湖新城）开平路北侧君悦路东侧商务用房项目,吴江区开平路北侧君悦路东侧,苏州市吴江区开平路北侧君悦路东侧,22468.02,房屋建筑,
220,新建研发中心大楼,太湖新城云龙路复线南侧支路三西侧,苏州市太湖新城云龙路复线南侧支路三西侧,7998.89,房屋建筑,
221,"尚源智慧科技大厦项目-1#研发中心一,2#研发中心二,3#院士工作站/实验楼,4#设备间,地下车库",苏州市吴江区太湖新城经一路西侧云龙路复线南侧,苏州市苏州市吴江区太湖新城经一路西侧云龙路复线南侧,14000,房屋建筑,
222,苏州吴江WJ-J-2020-017号地块项目,苏州市吴江区太湖新城（松陵镇）秋枫街东侧规七路北侧地块,苏州市苏州市吴江区太湖新城（松陵镇）秋枫街东侧规七路北侧地块,58524.72,房屋建筑,
223,太湖新城规七路南侧夏蓉街西侧WJ-J-2020-018号地块住宅项目（1#-39#、M1#、M2#、P1#、P2#、地下车库）,东太湖度假区（太湖新城）规七路南侧、夏蓉街西侧,苏州市东太湖度假区（太湖新城）规七路南侧、夏蓉街西侧,59753.38,房屋建筑,
224,吴江市滨湖新城A区A4-4地块商服用房项目,吴江区太湖新城东太湖大道11666号,苏州市吴江区太湖新城东太湖大道11666号,10635.02,房屋建筑,
225,东太湖旅游度假区WJ-J-2020-013地块商住及科研用房项目（13#楼）,吴江区开平路南侧、风清街东侧、纬四路北侧、苏州湾大道西侧,苏州市吴江区开平路南侧、风清街东侧、纬四路北侧、苏州湾大道西侧,22138.43,房屋建筑,
226,东太湖旅游度假区（太湖新城）水秀街东侧高新路南侧地块科教、商服用房项目,吴江区高新路南侧、水秀街东侧,苏州市吴江区高新路南侧、水秀街东侧,12600,房屋建筑,
227,东太湖旅游度假区WJ-J-2020-013地块商住及科研用房项目（1#-12#楼、地下车库）,东太湖度假区（太湖新城）开平路南侧苏州湾大道西侧,苏州市东太湖度假区（太湖新城）开平路南侧苏州湾大道西侧,40138.79,房屋建筑,
228,WJ-2020-009号地块商住及公共管理与公共服务用房项目（07-03-33、07-03-34）二标段,吴江区秋枫街东侧笠泽西路南侧,苏州市吴江区秋枫街东侧笠泽西路南侧,9225.12,房屋建筑,
229,WJ-2020-009号地块商住及公共管理与公共服务用房项目（07-03-33、07-03-34）一标段,东太湖度假区（太湖新城）秋枫街东侧笠泽西路南侧地块,苏州市东太湖度假区（太湖新城）秋枫街东侧笠泽西路南侧地块,28266.16,房屋建筑,
230,吴江区城市绿轴工程项目,吴江区太湖新城映山街以东、风清街以西,苏州市吴江区太湖新城映山街以东、风清街以西,10578.9,房屋建筑,
231,WJ-J-2019-028地块住宅项目,苏州市吴江区秋枫街以东、规七路以北、规划冬梅街以西,苏州市苏州市吴江区秋枫街以东、规七路以北、规划冬梅街以西,48234.72,房屋建筑,
232,WJ-J-2019-017、WJ-J-2019-018地块住宅项目二期工程,苏州市吴江区太湖新城（松陵镇）规八路西侧体育路北侧,苏州市苏州市吴江区太湖新城（松陵镇）规八路西侧体育路北侧,18530.5,房屋建筑,
233,WJ-J-2019-017、WJ-J-2019-018地块住宅项目一期工程,苏州市吴江区太湖新城（松陵镇）规八路西侧体育路北侧,苏州市苏州市吴江区太湖新城（松陵镇）规八路西侧体育路北侧,22521.09,房屋建筑,
234,WJ-J-2019-001地块住宅项目施工总承包工程,吴江区太湖新城，东至冬梅街，南至体育路，西至秋枫街，北至顾家荡河,苏州市吴江区太湖新城，东至冬梅街，南至体育路，西至秋枫街，北至顾家荡河,71421.4,房屋建筑,
235,WJ-J-2020-008地块普通住宅项目（11#、12#、地库1）,东太湖度假区（太湖新城）秋枫街东侧庞杨路南侧,苏州市东太湖度假区（太湖新城）秋枫街东侧庞杨路南侧,2594,房屋建筑,
236,WJ-J-2020-008地块普通住宅项目（1#-10#、13#-16#、地库2）,东太湖度假区（太湖新城）秋枫街东侧庞杨路南侧,苏州市东太湖度假区（太湖新城）秋枫街东侧庞杨路南侧,14370.3,房屋建筑,
237,WJ-J-2018-013号地块项目二标段,苏州吴江秋枫街以东，芦荡路以南,苏州市苏州吴江秋枫街以东，芦荡路以南,30300.13,房屋建筑,
238,WJ-J-2018-013号地块项目一标段,吴江区太湖新城秋枫街东侧，芦荡路南侧,苏州市吴江区太湖新城秋枫街东侧，芦荡路南侧,32750.27,房屋建筑,
239,吴江区太湖新城水秀小学总包,太湖新城风清街东侧、新二路南侧,苏州市太湖新城风清街东侧、新二路南侧,12576.99,房屋建筑,
240,太湖新城高新路WJ-J-2015-042地块商服项目-太湖新城高新路WJ-J-2015-042地块商服项目,吴江区太湖新城原康复医院地块,苏州市吴江区太湖新城原康复医院地块,20850.49,房屋建筑,
241,"建设苏州湾文化中心配套工程-苏州湾文化中心配套安装工程,苏州湾文化中心配套安装工程",太湖新城湖景街东，映山街西。,苏州市太湖新城湖景街东，映山街西。,2282.2,装饰装修,
242,吴江区城南家园三期西侧（高层部分）定销公寓房工程-北区,吴江区太湖新城,苏州市吴江区太湖新城,45088.88,房屋建筑,
243,吴江区城南家园三期西侧（高层部分）定销公寓房工程-南区,吴江区太湖新城,苏州市吴江区太湖新城,44637.43,房屋建筑,
244,苏州湾大数据智慧产业基地项目（二标段一期）,夏蓉街南侧纬一路西侧,苏州市夏蓉街南侧纬一路西侧,12969.5,房屋建筑,
245,松陵镇云龙路南中山南路西项目二期（朗诗新广场）（2.1期）,吴江区松陵镇,苏州市吴江区松陵镇,20300,房屋建筑,
246,"WJ-J-2019-029地块住宅项目-1#楼,2#楼,3#楼,4#楼,5#楼,6#楼,7#楼,8#楼,9#楼,10#楼,11#公共变电所,12#公共变电所、开关站,13#垃圾站,地下汽车库",吴江区东太湖度假区（太湖新城）冬梅街西侧，江厍西路北侧,苏州市吴江区东太湖度假区（太湖新城）冬梅街西侧，江厍西路北侧,40447,房屋建筑,
248,新建科教研发中心（不用于生产）,江苏省苏州市吴江区云龙路复线南侧红星美凯龙东侧,苏州市江苏省苏州市吴江区云龙路复线南侧红星美凯龙东侧,5000.8,房屋建筑,
249,内部装修及外立面装修-苏州恒力中心公寓（B塔C1、C2户型、D1户型（12-22层）、B塔首层大堂及公区室内）装饰工程,江苏省苏州市吴江区湖景街以东，开平路以北,苏州市江苏省苏州市吴江区湖景街以东，开平路以北,4599.24,装饰装修,
250,"吴江WJ-J-2019-015地块住宅项目-5#楼,6#楼,8#楼,9#楼,10#楼,11#楼,7#楼,门卫1,垃圾房",吴江区太湖新城、苏州河路东、江厍路北,苏州市吴江区太湖新城、苏州河路东、江厍路北,11532.37,房屋建筑,
251,太湖城南地块W1、W2、W39、W46-W48、W51,吴江区太湖新城,苏州市吴江区太湖新城,1672.9,房屋建筑,
252,"吴江WJ-J-2019-015地块住宅项目-1#楼,2#楼,3#楼,4#楼,开闭所,配电房,门卫2,人防地库,非人防地库",吴江区太湖新城、苏州河路东、江厍路北,苏州市吴江区太湖新城、苏州河路东、江厍路北,22647,房屋建筑,
253,太湖新城（松陵镇）秋枫街西侧江厍西路北侧地块住宅项目,吴江太湖新城秋枫街西侧江厍西路北侧,苏州市吴江太湖新城秋枫街西侧江厍西路北侧,70000,房屋建筑,
254,"吴江区太湖新城水秀幼儿园工程-幼儿园,门卫",吴江区太湖新城风清街东侧、新二路北侧,苏州市吴江区太湖新城风清街东侧、新二路北侧,5346.29,房屋建筑,
255,步步高互联网软件园（高标准工业厂房）二标段,苏州市吴江区夏蓉路西五方路北,苏州市苏州市吴江区夏蓉路西五方路北,11098.57,房屋建筑,
256,建设苏州湾文化中心配套工程-苏州湾文化中心配套工程,太湖新城湖景街东，映山街西,苏州市太湖新城湖景街东，映山街西,13778.54,房屋建筑,
257,吴江区太湖新城永鼎医院东侧动迁安置房工程,吴江区太湖新城高新路以北，祁连路以东,苏州市吴江区太湖新城高新路以北，祁连路以东,5562.25,房屋建筑,
259,吴江区太湖新城核心区春江路东侧A2-2地块商服项目-吴江金茂中心,苏州市吴江区东太湖大道北、水秀街东,苏州市苏州市吴江区东太湖大道北、水秀街东,18100,房屋建筑,
260,吴江科汇大厦,吴江区公共卫生中心东南侧地块,苏州市吴江区公共卫生中心东南侧地块,9356,房屋建筑,
261,吴江太湖新城轨交4号线松陵大道综合交通枢纽项目土建工程,吴江区太湖新城松陵大道西、东太湖大道北,苏州市吴江区太湖新城松陵大道西、东太湖大道北,117999.98,房屋建筑,
262,吴江太湖新城总部经济8号地块商服项目,苏州太湖新城吴江总部经济8号地块,苏州市苏州太湖新城吴江总部经济8号地块,11000,房屋建筑,
263,吴江区太湖新城高新村北侧动迁安置房工程,吴江太湖新城,苏州市吴江太湖新城,11899.49,房屋建筑,
265,太湖城南地块西区（三期）一标段,吴江区太湖新城,苏州市吴江区太湖新城,17646.6,房屋建筑,
266,WJ-J-2016-025号地块（吴江太湖新城亚洲碳谷项目）,吴江太湖新城高新路南、水秀街西、湖景街东,苏州市吴江太湖新城高新路南、水秀街西、湖景街东,48000,房屋建筑,
267,苏州吴江智慧城市产业化基地二期,江苏省苏州市吴江区鲈乡南路以西，吴江大道以北,苏州市江苏省苏州市吴江区鲈乡南路以西，吴江大道以北,81104.32,房屋建筑,
268,吴江滨湖新城B1地块商服、住宅用房项目-吴江太湖新城核心区B1地块超高层项目(副楼),江苏省吴江市开平路南侧、滨湖路东侧,苏州市江苏省吴江市开平路南侧、滨湖路东侧,12069.9,房屋建筑,
269,太湖新城总部经济7号地块商服用房项目,吴江区太湖新城总部经济水秀街（水秀街以东、规划支路以北）,苏州市吴江区太湖新城总部经济水秀街（水秀街以东、规划支路以北）,32000,房屋建筑,
270,太湖新城吴江总部经济5号地块商服用房-（不含桩基）太湖新城吴江总部经济5号地块,苏州市吴江太湖新城开平路附近绿轴步行街,苏州市苏州市吴江太湖新城开平路附近绿轴步行街,11300,房屋建筑,
271,苏州湾景苑西区三期（5#、9#、地下室三A、三C）,苏州市吴江区高新路北、风清街西,苏州市苏州市吴江区高新路北、风清街西,48050,房屋建筑,
272,"苏州湾景苑西区二-2期（3#、地下室二-2B（含人防））,地下室二-2B",苏州市吴江区高新路北、风清街西,苏州市苏州市吴江区高新路北、风清街西,22734,房屋建筑,
274,太湖新城（松陵镇）春江路东侧A8-1地块商服项目-太湖新城（松陵镇）春江路东侧A8-1地块商服项目,苏州市吴江区滨湖新城总部经济A8-1地块,苏州市苏州市吴江区滨湖新城总部经济A8-1地块,33720,房屋建筑,
275,启迪苏州吴江科技信息产业基地项目 7#、15#、16#、地库,苏州市吴江区太湖新城鲈乡南路东侧、五方路南侧,苏州市苏州市吴江区太湖新城鲈乡南路东侧、五方路南侧,30853.08,房屋建筑,
276,吴江滨湖新城A区A7-2地块项目,吴江区太湖新城,苏州市吴江区太湖新城,13702.09,房屋建筑,
279,吴江太湖新城核心区B1地块超高层项目（塔楼部分）,江苏省苏州市吴江区开平路以南、映山街以西,苏州市江苏省苏州市吴江区开平路以南、映山街以西,119449.38,房屋建筑,
283,年产镍钛支架4万件项目（1#医疗器械车间）,苏州吴江汾湖国道路2688号,苏州市苏州吴江汾湖国道路2688号,4330,房屋建筑,
284,"年产鸡精调味料2.6万吨-新建车间八,辅房",苏州吴江区黎里镇金家坝金莘路3099号,苏州市苏州吴江区黎里镇金家坝金莘路3099号,5795.5,房屋建筑,
286,新建车间及仓库40000平方米（仅用于出租）-新建4#车间,平望镇联合村,苏州市平望镇联合村,2300,房屋建筑,
287,扩建雨棚工程,苏州市吴江区黎里镇长葑荡路66号,苏州市苏州市吴江区黎里镇长葑荡路66号,262,房屋建筑,
288,内部装修,黎里镇临沪大道1518号,苏州市黎里镇临沪大道1518号,700,装饰装修,
290,平望镇教师新村老旧小区改造工程,吴江区平望镇,苏州市吴江区平望镇,1366.38,装饰装修,
291,内部改造-苏州慧泉培训有限公司内部改造工程,苏州市吴江区黎里镇南京路369号1幢301室,苏州市苏州市吴江区黎里镇南京路369号1幢301室,31,装饰装修,
293,内部装修,吴江区芦墟镇莘塔社区莘塔大街5号（金燕半岛）57幢,苏州市吴江区芦墟镇莘塔社区莘塔大街5号（金燕半岛）57幢,110,装饰装修,
295,内部装修,黎里镇城司路1218号4幢109-113,苏州市黎里镇城司路1218号4幢109-113,108.65,装饰装修,
296,长三角科大亨芯研究院项目一期,汾湖高新区（黎里镇）科创园东侧地块,苏州市汾湖高新区（黎里镇）科创园东侧地块,219.24,房屋建筑,
297,危废库,苏州市吴江区汾湖开发区金字路东侧,苏州市苏州市吴江区汾湖开发区金字路东侧,387.66,房屋建筑,
298,年产服装90万件项目（车间一）,苏州市吴江区平望镇梅堰开发区,苏州市苏州市吴江区平望镇梅堰开发区,680,房屋建筑,
300,年产半导体专用材料1000件套,吴江区黎里镇临沪大道北侧1508号,苏州市吴江区黎里镇临沪大道北侧1508号,1155,装饰装修,
301,新建仓库及辅房,江苏省吴江区黎里镇浦家港西路卓赢家具北侧地块,苏州市江苏省吴江区黎里镇浦家港西路卓赢家具北侧地块,11536.58,房屋建筑,
302,"厂房,宿舍,门卫,地下泵房",汾湖高新区318国道北侧,苏州市汾湖高新区318国道北侧,3900,房屋建筑,
303,新建仓库,江苏省苏州市吴江区黎里镇莘塔康力大道788号,苏州市江苏省苏州市吴江区黎里镇莘塔康力大道788号,707.78,房屋建筑,
304,"新建仓储一体化项目-门卫1,门卫2",吴江区黎里镇天方路西侧,苏州市吴江区黎里镇天方路西侧,32.47,房屋建筑,
305,金家坝学校建设多功能场馆工程,吴江区汾湖高新区金家坝金鼎东路 91 号,苏州市吴江区汾湖高新区金家坝金鼎东路 91 号,1455.07,房屋建筑,
306,"年产成套扇形段50套、组装振动台200套、组装结晶器100套-1#厂房,2#厂房,门卫",吴江区平望镇中鲈工业园唐家湖大道18号,苏州市吴江区平望镇中鲈工业园唐家湖大道18号,3000,房屋建筑,
307,内部装修,苏州市吴江区黎里镇南京路369号,苏州市苏州市吴江区黎里镇南京路369号,40,装饰装修,
308,喷气织机生产技术改造项目（3#车间）,吴江区平望镇梅堰社区国金公路旁,苏州市吴江区平望镇梅堰社区国金公路旁,1430,房屋建筑,
309,年加工服装70万件-年加工服装70万件,吴江区平望镇梅堰龙翔路355号,苏州市吴江区平望镇梅堰龙翔路355号,4330,房屋建筑,
310,新建辅房-新建食堂,苏州市吴江区黎里镇金家坝金莘路3099号,苏州市苏州市吴江区黎里镇金家坝金莘路3099号,518,房屋建筑,
311,WJ-J-2020-025地块商住项目（二期）,苏州吴江汾湖高新区（黎里镇）江苏路以西，城司路以北，海南路以东，洋青河路以南,苏州市苏州吴江汾湖高新区（黎里镇）江苏路以西，城司路以北，海南路以东，洋青河路以南,9000,房屋建筑,
312,吴江区汾湖智慧谷项目工程总承包,汾湖高新区厍星路西侧,苏州市汾湖高新区厍星路西侧,8130.12,房屋建筑,
313,加弹生产线技术改造项目（生产车间三）,苏州市吴江区平望镇梅堰联合村五组（318国道北侧100米，松桃线西侧）,苏州市苏州市吴江区平望镇梅堰联合村五组（318国道北侧100米，松桃线西侧）,1540,房屋建筑,
314,吴江区平望镇智慧便民中心工程,吴江区平望镇北至平梅大道，西至平望派出所,苏州市吴江区平望镇北至平梅大道，西至平望派出所,9501.69,房屋建筑,
315,公司整体搬迁-公司整体搬迁项目（新建车间）,平望镇小圩村,苏州市平望镇小圩村,570,房屋建筑,
316,苏州华锐双语学校(二期）（5#小初教学楼，6#小初宿舍、餐厅，7#幼儿园，8#门卫2，10#垃圾房，11#门卫4）,苏州汾湖开发区新友路以西、新黎路以北,苏州市苏州汾湖开发区新友路以西、新黎路以北,20000,房屋建筑,
318,"年产加速器80台-2#设备用房,1#门卫,3#原料仓库及加工车间,4#总装车间,5#调试车间,6#加速管车间,7#成品仓库,8#喷砂车间、酸洗间及空压机房,9#危险品库及放射性废物暂存库",苏州市吴江区平望镇中鲈工业园,苏州市苏州市吴江区平望镇中鲈工业园,14101.41,房屋建筑,
320,内部装修-内部装修,吴江黎里镇芦墟芦莘大道888号（892、896、898）,苏州市吴江黎里镇芦墟芦莘大道888号（892、896、898）,79.96,装饰装修,
321,4#生产车间,吴江区黎里镇临沪大道2899号,苏州市吴江区黎里镇临沪大道2899号,260.58,房屋建筑,
325,氨气车间,吴江区黎里镇大胜路东侧,苏州市吴江区黎里镇大胜路东侧,74.72,房屋建筑,
326,WJ-J-2020-021地块商住用房项目S1商业、S2商业,吴江区汾湖开发区中心河路与海南路交界处,苏州市吴江区汾湖开发区中心河路与海南路交界处,615,房屋建筑,
327,"年产加速器1000套（2#车间,1#门卫,3#消防泵房水池）",吴江区黎里镇北厍汾湖村,苏州市吴江区黎里镇北厍汾湖村,3971.23,房屋建筑,
328,"WJ-J-2020-021地块商住用房项目1-14#楼,S3#楼,门卫1,门卫2,地库",吴江区汾湖高新区中心河路与海南路交界处,苏州市吴江区汾湖高新区中心河路与海南路交界处,32110.5,房屋建筑,
330,吴江区平望运河文体中心-文体中心,吴江区平望镇平梅大道以南，平梅支路以北，新运河以西,苏州市吴江区平望镇平梅大道以南，平梅支路以北，新运河以西,29752.29,房屋建筑,
331,新增建筑面积8000平方米-新增建筑面积8000平方米,吴江区平望镇端市村,苏州市吴江区平望镇端市村,821.13,房屋建筑,
332,"年产差别化功能性纤维20万吨项目-CP7聚酯装置,CF7直纺长丝装置,PTA仓库七,成品库七,CP7综合动力站",吴江区平望镇梅堰工业集中区,苏州市吴江区平望镇梅堰工业集中区,24000,房屋建筑,
333,年加工经轴2000件生产技术改造项目,吴江区平望镇梅堰庙头村,苏州市吴江区平望镇梅堰庙头村,2743.62,房屋建筑,
334,"吴江区中医医院异地新建工程-住院综合楼,门诊医技综合楼,地下车库,垃圾及污水处理站",吴江区平望镇平西村,苏州市吴江区平望镇平西村,50765.43,房屋建筑,
337,新建仓库及辅房项目,吴江区黎里镇318国道北侧将军荡西侧,苏州市吴江区黎里镇318国道北侧将军荡西侧,57700,房屋建筑,
338,吴江汾湖WJ-J-2019-024、WJ-J-2019-025地块住宅项目一期（1.2）,江苏省苏州市吴江区,苏州市江苏省苏州市吴江区,8737.11,房屋建筑,
339,"年产自动化设备3500台-自动化车间,电子车间,综合楼,门卫及消控室",江苏省苏州市吴江区平望镇中鲈工业集中区,苏州市江苏省苏州市吴江区平望镇中鲈工业集中区,3000,房屋建筑,
340,"WJ-J-2020-015号地块商住项目-14#,15#",苏州市吴江区汾湖高新区（黎里镇）光明北地块，东至西湾河，南至越秀路，西至空地，北至西湾河,苏州市苏州市吴江区汾湖高新区（黎里镇）光明北地块，东至西湾河，南至越秀路，西至空地，北至西湾河,195.27,房屋建筑,
341,"WJ-J-2020-015号地块商住项目-1#,2#,3#,4#,5#,6#,7#,8#,9#,10#,11#,12#,13#,1#配电间,2#配电房,垃圾房,门卫,地下车库",苏州市吴江区汾湖高新区（黎里镇）光明北地块，东至西湾河，南至越秀路，西至空地，北至西湾河,苏州市苏州市吴江区汾湖高新区（黎里镇）光明北地块，东至西湾河，南至越秀路，西至空地，北至西湾河,49805.49,房屋建筑,
342,汾湖北窑港西地块公寓房工程,吴江区汾湖北窑港西侧、越江路南侧、新友农贸市场东侧,苏州市吴江区汾湖北窑港西侧、越江路南侧、新友农贸市场东侧,18373.67,房屋建筑,
343,"年彩印包装铁皮6万吨-1#甲类仓库,2#地下消防泵房水池,3#印刷车间,5#配料车间",苏州市吴江区平望镇中鲈科技园,苏州市苏州市吴江区平望镇中鲈科技园,1100,房屋建筑,
344,嘉乐城生活广场A2地块工程,吴江区汾湖镇北京路以北，甘溪路以东，洋沙路以西,苏州市吴江区汾湖镇北京路以北，甘溪路以东，洋沙路以西,69235,房屋建筑,
345,5#宿舍食堂,苏州市吴江区黎里镇汾杨路313号,苏州市苏州市吴江区黎里镇汾杨路313号,1300,房屋建筑,
346,WJ-J-2020-010地块住宅项目二期,苏州吴江区平望镇平梅支路南侧平西路东侧,苏州市苏州吴江区平望镇平梅支路南侧平西路东侧,23057.38,房屋建筑,
347,新建物流仓储用房（16#冷库）,吴江区平望镇中鲈工业集中区,苏州市吴江区平望镇中鲈工业集中区,3319,房屋建筑,
348,"WJ-J-2019-024、WJ-J-2019-025地块住宅项目-22#楼,23#楼,27#楼,30#楼,31#楼,34#楼,39#楼,43#楼,S4#楼,S5#楼,S6#楼,地下汽车库(1-1)",吴江汾湖高新技术区洋砂荡东,苏州市吴江汾湖高新技术区洋砂荡东,14758.4,房屋建筑,
349,吴江汾湖WJ-J-2019-024、WJ-J-2019-025地块住宅项目(37#、38#、40#、41#、42#楼）,江苏省苏州市吴江区,苏州市江苏省苏州市吴江区,28183.88,房屋建筑,
350,WJ-J-2020-010号地块项目一期（配套用房17#）,苏州吴江区平望镇平梅支路南侧平西路东侧,苏州市苏州吴江区平望镇平梅支路南侧平西路东侧,419.3,房屋建筑,
351,新建3#车间,吴江区平望镇梅堰联合村,苏州市吴江区平望镇梅堰联合村,2125,房屋建筑,
352,年充装392.2万瓶工业气体项目一期,苏州市吴江区黎里镇芦墟越秀路北侧,苏州市苏州市吴江区黎里镇芦墟越秀路北侧,2950,房屋建筑,
353,"汾湖经济开发区南京路南侧商业用房项目-1#,2#,3#,4#,5#,地下室",苏州市吴江区南京路369号南侧,苏州市苏州市吴江区南京路369号南侧,8650,房屋建筑,
354,"年产喷气织物1200万米、针织物600吨项目-车间一,车间二,泵房水池",吴江区平望镇梅堰社区双浜村,苏州市吴江区平望镇梅堰社区双浜村,328,房屋建筑,
355,嘉乐城生活广场A5地块工程,汾湖北京路以北，浙江路以东,苏州市汾湖北京路以北，浙江路以东,24499.29,房屋建筑,
356,"年加工纸管1.5万吨生产线技术改造项目-生产车间一,生产车间二,地下泵房",吴江区平望镇梅堰龙南村,苏州市吴江区平望镇梅堰龙南村,1150,房屋建筑,
357,中国移动（苏州）数据机房项目二期工程总承包,吴江区双珠荡以东，新黎路以北,苏州市吴江区双珠荡以东，新黎路以北,28479.49,房屋建筑,
358,"苏州华锐双语学校-1#高中综合楼,2#高中宿舍、餐厅,3#门卫1,4#垃圾房",吴江区汾湖开发区新友路以西、新黎路以北,苏州市吴江区汾湖开发区新友路以西、新黎路以北,25800,房屋建筑,
359,汾湖科技创业园人才公寓装饰工程,吴江区黎里镇汾湖大道558号,苏州市吴江区黎里镇汾湖大道558号,3368.71,装饰装修,
360,年产500万双高档鞋类及鞋材项目-厂房及辅房（2#厂房）,江苏省苏州市吴江区黎里镇临沪大道2222号,苏州市江苏省苏州市吴江区黎里镇临沪大道2222号,3800,房屋建筑,
361,"新建辅房18000平方米项目-生活楼二,接建门楼",吴江区平望镇梅堰工业集中区,苏州市吴江区平望镇梅堰工业集中区,3974.3,房屋建筑,
362,聚酯切片固相聚合技术改造项目-聚酯切片固相聚合技术改造项目,江苏省苏州市吴江区平望镇梅堰工业集中区,苏州市江苏省苏州市吴江区平望镇梅堰工业集中区,626.46,房屋建筑,
364,年产全自动光学影像全检设备600台、全自动包装设备200台-生产车间,江苏省苏州市吴江区,苏州市江苏省苏州市吴江区,2200,房屋建筑,
365,年加工机械零件8000吨项目,吴江区平望镇,苏州市吴江区平望镇,6239.93,房屋建筑,
366,苏州中鲈国际物流科技园公共租赁住房及商业中心二期工程,吴江区平望镇中鲈开发区,苏州市吴江区平望镇中鲈开发区,8424.19,房屋建筑,
367,"汾湖高新技术产业开发区新友花苑二期南地块工程-6#,8#,9#,11#,12#,配电房,门卫1,2#汽车库",吴江区黎里镇临沪大道南侧，蛇泽路南侧，西秀路西侧,苏州市吴江区黎里镇临沪大道南侧，蛇泽路南侧，西秀路西侧,20253.8,房屋建筑,
368,苏州中鲈国际物流科技园公共租赁住房三期,吴江区平望镇中鲈开发区,苏州市吴江区平望镇中鲈开发区,3678.83,房屋建筑,
369,金家坝红旗公寓房工程,吴江区黎里镇金家坝金鼎西路,苏州市吴江区黎里镇金家坝金鼎西路,6896.98,房屋建筑,
371,"汾湖高新技术产业开发区新友花苑二期南地块工程-4#,5#,7#,10#,1#汽车库,养老用房,养老用房",吴江区黎里镇临沪大道南侧、蛇泽路南侧、西秀路西侧,苏州市吴江区黎里镇临沪大道南侧、蛇泽路南侧、西秀路西侧,17262.01,房屋建筑,
372,"汾湖高新技术产业开发区新友花苑二期南地块工程-1#,2#,3#,配套用房",吴江区黎里镇临沪大道南侧、蛇泽路南侧、西秀路西侧,苏州市吴江区黎里镇临沪大道南侧、蛇泽路南侧、西秀路西侧,9323.71,房屋建筑,
373,"新建仓库及辅房项目-仓库1,仓库2,门卫1,门卫2,自行车棚1,自行车棚2,设备用房,坡道1,坡道2,行车平台",吴江区平望镇中鲈科技园内,苏州市吴江区平望镇中鲈科技园内,22127,房屋建筑,
374,"新友花苑二期北地块工程一标段,1#楼,2#楼,3#楼,10#楼,11#楼,12#楼,门卫2",吴江区黎里镇临沪大道南侧，蛇泽路北侧，西秀路西侧,苏州市吴江区黎里镇临沪大道南侧，蛇泽路北侧，西秀路西侧,15591.76,房屋建筑,
375,"WJ-J-2013-022地块住宅项目-01#住宅楼,02#住宅楼,03#住宅楼,04#住宅楼,05#住宅楼（东侧）,05#住宅楼（西楼）,06#住宅楼,07#住宅楼（东楼）,07#住宅楼（西楼）,0",吴江区汾湖高新区浦港路以东、东姑荡以北,苏州市吴江区汾湖高新区浦港路以东、东姑荡以北,43814,房屋建筑,
377,新建科研大楼,吴江区黎里镇汾湖大道558号,苏州市吴江区黎里镇汾湖大道558号,3225.88,房屋建筑,
378,黎里黎花公寓房工程,吴江区黎里镇黎花村,苏州市吴江区黎里镇黎花村,5473.1,房屋建筑,
380,爱慕华东运营中心,苏州市吴江区黎里镇芦莘大道以东常州路以北,苏州市苏州市吴江区黎里镇芦莘大道以东常州路以北,13692.95,房屋建筑,
381,豪门府邸二期M区1-9#楼、S1、S2、社区用房及开关站、地下车库,吴江区平望镇下沙荡小区1号、2号地块,苏州市吴江区平望镇下沙荡小区1号、2号地块,18655.88,房屋建筑,
382,"苏州市汾湖城乡一体化——汾湖人家5号地块安置公寓房项目-14#住宅,15#住宅",吴江区黎里镇韩棚路以南、思忠路以东,苏州市吴江区黎里镇韩棚路以南、思忠路以东,6155.41,房屋建筑,
383,"苏州市汾湖城乡一体化——汾湖人家5号地块安置公寓房项目-1#住宅,2#住宅,2#门卫",吴江区黎里镇韩棚路以南、思忠路以东,苏州市吴江区黎里镇韩棚路以南、思忠路以东,3671.83,房屋建筑,
384,2021年震泽镇农村生活污水治理工程二标段,吴江区震泽镇,苏州市吴江区震泽镇,2585.01,市政工程,
385,长三角生态绿色一体化发展示范区先行启动区-吴江黎里镇污水处理提质增效工程（FH-20-08 区块）,江苏省汾湖高新区,苏州市江苏省汾湖高新区,1885,市政工程,
386,2021年震泽镇农村生活污水治理工程一标段,吴江区震泽镇,苏州市吴江区震泽镇,1601.18,市政工程,
387,八坼街道2021年双联村、直港村农村污水治理工程,吴江八坼,苏州市吴江八坼,459.35,市政工程,
388,震泽镇锦泽华府、锦泽街及周边、木祥小区雨污分流改造工程,吴江区震泽镇,苏州市吴江区震泽镇,2029.91,市政工程,
389,西湖花苑三区、五区老旧小区改造工程,吴江经济技术开发区西湖花苑,苏州市吴江经济技术开发区西湖花苑,1388.18,市政工程,
390,西湖花苑四区老旧小区改造工程,吴江经济技术开发区西湖花苑,苏州市吴江经济技术开发区西湖花苑,2142.46,市政工程,
391,朱家浜老旧小区改造工程,吴江经济技术开发区同里镇朱家浜小区,苏州市吴江经济技术开发区同里镇朱家浜小区,2769.43,市政工程,
392,山湖社区一区、老二区老旧小区改造工程,吴江经济技术开发区,苏州市吴江经济技术开发区,489.28,市政工程,
393,浩浪小区老旧小区改造工程,吴江经济技术开发区同里镇浩浪小区,苏州市吴江经济技术开发区同里镇浩浪小区,2898.07,市政工程,
394,运河中路支路（庞山路-东太湖大道）工程-运河中路支路（庞山路-东太湖大道）工程,吴江经济技术开发区,苏州市吴江经济技术开发区,1508.66,市政工程,
395,苏州市吴江横扇生活污水处理厂提标改造工程,横扇四都村,苏州市横扇四都村,975.24,主体,
396,花港新建路网工程项目二标段（湖滨北路）,吴江经济技术开发区,苏州市吴江经济技术开发区,3702.27,市政工程,
397,西湖花苑一区、二区老旧小区综合改造工程-西湖花苑一区、二区老旧小区综合改造工程,吴江开发区西湖花苑一区、二区,苏州市吴江开发区西湖花苑一区、二区,1508.97,市政工程,
398,长三角生态绿色一体化发展示范先行启动区-吴江区黎里镇污水处理提质增效工程（湖北路等污水管网工程）,吴江市汾湖高新区区域内,苏州市吴江市汾湖高新区区域内,1209.69,市政工程,
399,长板路及周边道路路面、管道修复工程,吴江经济技术开发区,苏州市吴江经济技术开发区,2936.4,市政工程,
400,建设云梨路综合改造工程-云梨路综合改造工程,吴江经济技术开发区,苏州市吴江经济技术开发区,78324.56,市政工程,
401,吴江区太湖新城北片区综合管廊工程-吴江区太湖新城北片区综合管廊工程4标,吴江区太湖新城,苏州市吴江区太湖新城,17366.41,市政工程,
402,2020年度桃源镇雨污分流改造工程-2020 年度桃源镇雨污分流改造工程-青云片区等,吴江区桃源镇,苏州市吴江区桃源镇,1245,市政工程,
404,山湖花园九区动迁安置房项目-山湖花园九区动迁安置房海绵措施虹吸排水系统工程,吴江经济技术开发区,苏州市吴江经济技术开发区,502.07,市政工程,
405,平望镇老农贸市场周边雨污分流综合改造工程,平望镇老农贸市场,苏州市平望镇老农贸市场,81.42,市政工程,
406,平望镇云景台北侧地块雨污分流综合改造工程-平望镇云景台北侧地块雨污分流综合改造工程,吴江区平望镇,苏州市吴江区平望镇,124.97,市政工程,
407,平望镇西浜小区雨污分流综合改造工程-平望镇西浜小区雨污分流综合改造工程,苏州市吴江区平望镇,苏州市苏州市吴江区平望镇,166.13,市政工程,
408,七都镇2020年农村生活污水治理工程（东庙桥村）,吴江区七都镇,苏州市吴江区七都镇,1246.36,市政工程,
409,七都镇2020年农村生活污水治理工程（吴越村东片区）,吴江区七都镇吴越村,苏州市吴江区七都镇吴越村,1070.19,市政工程,
410,七都镇 2020 年农村生活污水治理工程（吴越村西片区）,吴江区七都镇吴越村,苏州市吴江区七都镇吴越村,1041.64,市政工程,
411,平望镇运河西侧小区雨污分流综合改造工程-平望镇运河西侧小区雨污分流综合改造工程,吴江区平望镇运河西侧,苏州市吴江区平望镇运河西侧,292.42,市政工程,
412,2020年平望镇农村生活污水治理及配套工程一期项目,吴江区平望镇,苏州市吴江区平望镇,6923.89,市政工程,
413,长三角生态绿色一体化发展示范先行启动区-吴江区黎里镇污水处理提质增效工程-芦墟片区168区块,吴江区黎里镇,苏州市吴江区黎里镇,594.12,市政工程,
414,长三角生态绿色一体化发展示范先行启动区-吴江区黎里镇污水处理提质增效工程-芦墟片区164区块（浦南路以西）,吴江区黎里镇,苏州市吴江区黎里镇,1137.39,市政工程,
415,平望镇双龙路两侧雨污分流综合改造工程,苏州市吴江区平望镇,苏州市苏州市吴江区平望镇,2039.97,市政工程,
416,长三角生态绿色一体化发展示范先行启动区-吴江区黎里镇污水处理提质增效工程-FH-01-08区块,吴江汾湖高新区,苏州市吴江汾湖高新区,425.63,市政工程,
417,平望镇新诚社区居委会周边雨污分流综合改造工程-平望镇新诚社区居委会周边雨污分流综合改造工程,吴江区平望镇新诚社区周边,苏州市吴江区平望镇新诚社区周边,1250.31,市政工程,
418,平望镇溪河弄周边雨污分流综合改造工程,吴江区平望镇,苏州市吴江区平望镇,279.56,市政工程,
419,平望镇龙庭花园、育龙庄园雨污分流综合改造工程-平望镇龙庭花园、育龙庄园雨污分流综合改造工程,苏州市吴江区平望镇龙庭花园、育龙庄园,苏州市苏州市吴江区平望镇龙庭花园、育龙庄园,248.2,市政工程,
420,八坼街道2020年新营村、直港村、练聚村农村污水治理工程-八坼街道2020年新营村、直港村、练聚村农村污水治理工程,吴江区八坼街道新营村、直港村、练聚村,苏州市吴江区八坼街道新营村、直港村、练聚村,621.51,市政工程,
421,长三角生态绿色一体化发展示范先行启动区-吴江区黎里镇污 水处理提质增效工程-芦墟片区 163（浦南路以西）区块,吴江区黎里镇,苏州市吴江区黎里镇,925.7,市政工程,
422,2020年平望镇农村生活污水治理及配套工程二期项目,平望镇新南村、三官桥村、联合村,苏州市平望镇新南村、三官桥村、联合村,6613.04,市政工程,
423,平望镇益丰新村及周边雨污分流综合改造工程,平望镇益丰新村及周边,苏州市平望镇益丰新村及周边,1151,市政工程,
424,长三角生态绿色一体化发展示范先行启动区- 吴江区黎里镇污水处理提质增效工程- 芦墟片区161区块,吴江黎里镇,苏州市吴江黎里镇,1495,市政工程,
425,平望镇平西新村及周边雨污分流综合改造工程-平望镇平西新村及周边雨污分流综合改造工程,吴江区平望镇平西新村及周边,苏州市吴江区平望镇平西新村及周边,1237.13,市政工程,
426,长三角生态绿色一体化发展示范先行启动区-吴江区黎里镇污水处理提质增效工程-长三角生态绿色一体化发展示范先行启动区-吴江区黎里镇污水处理提质增效工程-芦墟片区167区块,吴江区黎里镇,苏州市吴江区黎里镇,760.89,市政工程,
427,四期扩建及升级提标改造工程-吴江经济技术开发区运东污水处理厂四期扩建工程,吴江区江兴东路858号,苏州市吴江区江兴东路858号,11620.89,市政工程,
428,2020年黎里镇排水达标区建设工程（芦墟片区-166号区块）,吴江汾湖高新区,苏州市吴江汾湖高新区,1138.51,市政工程,
429,2020 年黎里镇排水达标区建设工程（芦墟片区-165 号区块）,吴江汾湖高新区,苏州市吴江汾湖高新区,470.76,市政工程,
430,2020年黎里镇排水达标区建设工程-2020年黎里镇排水达标区建设工程（芦墟片区-159号区块）,吴江汾湖高新区,苏州市吴江汾湖高新区,761.73,市政工程,
431,2020年黎里镇排水达标区建设工程-2020年黎里镇排水达标区建设工程（芦墟片区-163号区块-浦南路以东）,吴江汾湖高新区,苏州市吴江汾湖高新区,826.06,市政工程,
432,2020年黎里镇排水达标区建设工程-2020年黎里镇排水达标区建设工程（芦墟片区-164号区块-浦南路以东）,吴江汾湖高新区,苏州市吴江汾湖高新区,1240.57,市政工程,
433,2020年黎里镇排水达标区建设工程（芦墟片区-162号区块）,吴江汾湖高新区,苏州市吴江汾湖高新区,1469.34,市政工程,
434,2020年黎里镇排水达标区建设工程（北厍片区-154区块）,吴江汾湖高新区,苏州市吴江汾湖高新区,1074.46,市政工程,
435,2020年运东部分污水改造工程-2020年运东部分污水改造工程-松厍公路支路污水管，罗里石桥污水管改造工程,吴江经济技术开发区,苏州市吴江经济技术开发区,462.59,市政工程,
436,震泽镇名人苑、富景苑及周边雨污分流改造工程,震泽镇名人苑、富景苑及周边,苏州市震泽镇名人苑、富景苑及周边,1567.88,市政工程,
437,吴江区太湖新城规八路【春熙街】（春桐街-体育路）道路工程-吴江区太湖新城规八路【春熙街】（春桐街-体育路）道路工程,吴江区太湖新城,苏州市吴江区太湖新城,1658.89,市政工程,
438,震泽镇凤凰花园及周边雨污分流改造工程,吴江区震泽镇凤凰花园及周边,苏州市吴江区震泽镇凤凰花园及周边,678.17,市政工程,
439,吴江区城南家园三期（东侧多层）室外附属配套工程,吴江区太湖新城,苏州市吴江区太湖新城,4384.48,市政工程,
440,2020年黎里镇排水达标区建设工程-2020年黎里镇排水达标区建设工程（芦墟片区-160号区块）,吴江汾湖高新区,苏州市吴江汾湖高新区,1454.04,市政工程,
441,规七路[周家荡路]（春桐街-冬梅街）道路工程,吴江区太湖新城,苏州市吴江区太湖新城,1926.01,市政工程,
442,2020年震泽镇新乐村、永乐村、蠡泽村、新幸村农村生活污水管道工程-2020 年震泽镇新乐村、永乐村、蠡泽村、新幸村农村生活污水管道工程,吴江区震泽镇新乐村、永乐村、蠡泽村、新幸村,苏州市吴江区震泽镇新乐村、永乐村、蠡泽村、新幸村,1357.99,市政工程,
443,吴江区2019-2020年高质量推进城乡生活污水治理工程（市政集团第一期）-吴江区 2019-2020 年高质量推进城乡生活污水治理工程（市政集团第一期）-商城路、罗北路,吴江区,苏州市吴江区,717.31,市政工程,
444,吴江区2019-2020年高质量推进城乡生活污水治理工程（市政集团第一期）-庙港庙街路、230省道、富太路,吴江区,苏州市吴江区,623.21,市政工程,
446,吴江区2019-2020年高质量推进城乡生活污水治理工程（市政集团第一期）-吴江区2019-2020年高质量推进城乡生活污水治理工程（市政集团第一期）-铜七公路、万宝路、元春路,苏州市吴江区七都镇,苏州市苏州市吴江区七都镇,716.33,主体,
447,吴江区2019-2020年高质量推进城乡生活污水治理工程（市政集团第一期）-庙震公路,吴江区七都镇,苏州市吴江区七都镇,614.03,市政工程,
448,吴江区2019-2020年高质量推进城乡生活污水治理工程（市政集团第一期）-震泽镇318国道,吴江区,苏州市吴江区,830.76,市政工程,
449,西联小区、渡江小区、吴新村雨污分流改造工程-西联小区雨污分流改造工程,吴江经济技术开发区,苏州市吴江经济技术开发区,971.96,市政工程,
450,吴江经济技术开发区运东污水处理厂升级提标改造工程,吴江区江兴东路858号,苏州市吴江区江兴东路858号,6101.64,市政工程,
451,吴江区平望镇百盛花园二期雨污分流综合改造工程-吴江区平望镇百盛花园二期雨污分流综合改造工程,吴江区平望镇百盛花园二期,苏州市吴江区平望镇百盛花园二期,519.38,市政工程,
452,鲈乡路新建工程初步设计及概算，吴江经济技术开发区九龙路（樟木河-江陵西路）改造工程-鲈乡路（柳胥路-联中路）路桥新建工程,吴江经济技术开发区,苏州市吴江经济技术开发区,32341.91,市政工程,
454,车间四、地下消防泵房,盛泽镇荷花村,苏州市盛泽镇荷花村,500,房屋建筑,
455,"2#宿舍楼,多层车间三",盛泽镇荷花村,苏州市盛泽镇荷花村,3344,房屋建筑,
456,新建厂房,盛泽镇黄家溪村,苏州市盛泽镇黄家溪村,3000,房屋建筑,
457,"7#车间,8#车间",吴江区盛泽镇坝里村,苏州市吴江区盛泽镇坝里村,2788.61,房屋建筑,
458,年产低弹丝（DTY）4100吨技术改造项目-2#厂房,苏州市吴江区盛泽镇大谢村18组,苏州市苏州市吴江区盛泽镇大谢村18组,1480,房屋建筑,
459,1#车间,吴江区盛泽镇胜超路与信达路交叉口,苏州市吴江区盛泽镇胜超路与信达路交叉口,4028.36,房屋建筑,
460,年产16升大功率柴油发动机齿轮50000台套项目-车间五,吴江区盛泽镇坛丘社区双熟村,苏州市吴江区盛泽镇坛丘社区双熟村,2300,房屋建筑,
461,内部装修,苏州市吴江区盛泽镇舜新南路112号,苏州市苏州市吴江区盛泽镇舜新南路112号,350,装饰装修,
462,内部装修,吴江区盛泽镇秋泽路988号苏杭之星花园3幢秋泽路960号、962号,苏州市吴江区盛泽镇秋泽路988号苏杭之星花园3幢秋泽路960号、962号,50,装饰装修,
463,1#厂房、3#厂房,吴江区盛泽镇坝里村,苏州市吴江区盛泽镇坝里村,2657.39,房屋建筑,
464,2#厂房,盛泽镇园区路,苏州市盛泽镇园区路,2278.27,房屋建筑,
465,"高新区（盛泽镇）东茂南侧商业地块商服项目-1#,3#,4#,5#,6#,地下建筑,2#",江苏省苏州市吴江区舜湖西路东茂南侧,苏州市江苏省苏州市吴江区舜湖西路东茂南侧,63000,房屋建筑,
466,邻水湾景苑(恒力集团三分厂西地块）(56#楼～61#楼、15#配电房、16#配电房、门卫1、地下车库),吴江区盛泽镇南麻社区盛南公路南北两侧,苏州市吴江区盛泽镇南麻社区盛南公路南北两侧,13800,房屋建筑,
467,"吴江岭郅智能制造及智慧供应链产业园项目-物流仓库1,物流仓库2,物流仓库3,物流仓库4,货物运输平台1,货物运输平台2,货物运输平台3,盘道1,盘道2,辅助用房1,辅助用房2,综合楼,门卫一,门卫二",吴江区盛泽镇大谢村,苏州市吴江区盛泽镇大谢村,71974.6,房屋建筑,
468,5#厂房,吴江区盛泽镇双熟村,苏州市吴江区盛泽镇双熟村,1896,房屋建筑,
469,年产麂皮绒600万米技改项目-1#厂房,吴江区盛泽镇南麻永平村,苏州市吴江区盛泽镇南麻永平村,679.99,房屋建筑,
470,"WJ-J-2020-030地块住宅项目-1#,2#,3#,4#,5#,P1#,P2#,K1、P3#,X1、L1、T1#,M1#,地下车库",吴江高新区（盛泽镇）万丽酒店东侧地块,苏州市吴江高新区（盛泽镇）万丽酒店东侧地块,20188.9,房屋建筑,
471,办公楼,吴江区盛泽镇南麻建中路43号,苏州市吴江区盛泽镇南麻建中路43号,530,房屋建筑,
472,3#厂房,吴江区盛泽镇大谢村,苏州市吴江区盛泽镇大谢村,1600,房屋建筑,
473,年加工绣花面料40万米、倍捻丝400吨技术改造项目-生产车间六,吴江区盛泽镇坝里村,苏州市吴江区盛泽镇坝里村,1786,房屋建筑,
474,1#车间、2#车间、地下消防水池及泵房,吴江区盛泽镇园区路,苏州市吴江区盛泽镇园区路,3691.36,房屋建筑,
475,新建多层厂房18000平方米-6#厂房,苏州市吴江区盛泽镇荷花村,苏州市苏州市吴江区盛泽镇荷花村,880,房屋建筑,
477,车间（三）,吴江区盛泽镇圣塘村,苏州市吴江区盛泽镇圣塘村,1446.28,房屋建筑,
478,2#厂房,吴江区盛泽镇坝里村,苏州市吴江区盛泽镇坝里村,4113,房屋建筑,
479,车间二,吴江区盛泽镇园区路3999号,苏州市吴江区盛泽镇园区路3999号,1080,房屋建筑,
480,盛泽镇龙桥新村四期安置房工程（1#住宅、2#住宅、3#住宅、8#门卫二、10#配电房二、12#地下室A）,吴江区盛泽镇西二环路东侧,苏州市吴江区盛泽镇西二环路东侧,9755.08,房屋建筑,
481,2#厂房,吴江区盛泽镇坝里村,苏州市吴江区盛泽镇坝里村,4558.39,房屋建筑,
482,年产针织布3600吨生产技术改造项目-8#车间,吴江区盛泽镇兴桥村,苏州市吴江区盛泽镇兴桥村,1580,房屋建筑,
483,国家先进功能纤维创新中心能力建设项目,吴江区盛泽镇庄平村,苏州市吴江区盛泽镇庄平村,18000,房屋建筑,
484,车间一、地下泵房及消防水池,盛泽镇北环路888号,苏州市盛泽镇北环路888号,1180,房屋建筑,
485,新建车间20000平方米项目-车间四,盛泽镇南麻织庄路569号,苏州市盛泽镇南麻织庄路569号,598.8,房屋建筑,
486,4#车间,盛泽镇北环路北侧（红安村）,苏州市盛泽镇北环路北侧（红安村）,1758,房屋建筑,
487,年产新型染整配套设备500台项目（车间八）,苏州市吴江区盛泽镇圣塘村,苏州市苏州市吴江区盛泽镇圣塘村,954.8,房屋建筑,
488,年产服装、服饰5000万套-4#厂房,苏州市吴江区盛泽镇南三环路2666号,苏州市苏州市吴江区盛泽镇南三环路2666号,2000,房屋建筑,
489,"盛泽镇龙桥新村四期安置房工程（4#住宅,5#住宅,6#住宅,7#门卫一兼消防控制室,9#配电房一,11#物业用房,12#地下室B）",吴江高新区（盛泽镇）龙桥新村地块,苏州市吴江高新区（盛泽镇）龙桥新村地块,13711.49,房屋建筑,
490,新建厂房75000平方米-1#车间,吴江盛泽镇大谢村32组,苏州市吴江盛泽镇大谢村32组,2127.15,房屋建筑,
491,吴江高新区（盛泽镇）潜龙渠北侧3#地块住宅、商服用房项目三期,苏州市吴江区盛泽镇东至田前荡，南至澜溪二路，西至潜龙渠北侧2号地块，北至田前荡,苏州市苏州市吴江区盛泽镇东至田前荡，南至澜溪二路，西至潜龙渠北侧2号地块，北至田前荡,58120.96,房屋建筑,
492,"车间二,配电房",苏州市吴江区盛泽镇圣塘村,苏州市苏州市吴江区盛泽镇圣塘村,1666,房屋建筑,
493,新建厂房及宿舍14500平方米项目（车间十三、车间十四）,盛泽镇工业开发区西二环路,苏州市盛泽镇工业开发区西二环路,1534.55,房屋建筑,
494,新建厂房-5#厂房,苏州吴江盛泽镇圣塘村,苏州市苏州吴江盛泽镇圣塘村,887.38,房屋建筑,
495,4#车间,盛泽镇大谢村,苏州市盛泽镇大谢村,5680,房屋建筑,
496,"新建新城实验小学（幼儿园）工程项目-B区行政楼,D区幼儿园,B区D区地下室,升旗台",吴江区盛泽镇绸都大道西侧,苏州市吴江区盛泽镇绸都大道西侧,16298.86,房屋建筑,
497,"新建新城实验小学（幼儿园）工程项目-A区教学楼,C区食堂报告厅",吴江区盛泽镇绸都大道西侧,苏州市吴江区盛泽镇绸都大道西侧,11100.14,房屋建筑,
498,车间三,吴江区盛泽镇南麻织庄路569号,苏州市吴江区盛泽镇南麻织庄路569号,1771.88,房屋建筑,
499,"年产经编布15000吨技术改造项目-3#厂房,4#厂房",盛泽镇永平村,苏州市盛泽镇永平村,2535.5,房屋建筑,
500,年产10万吨生物质纤维纺纱技术改造项目,苏州市吴江区盛泽镇园区路60号,苏州市苏州市吴江区盛泽镇园区路60号,4535,房屋建筑,
503,车间二,吴江区盛泽镇溪南村,苏州市吴江区盛泽镇溪南村,1600,房屋建筑,
504,新建车间,苏州市吴江区盛泽镇双熟村,苏州市苏州市吴江区盛泽镇双熟村,691,房屋建筑,
505,吴江瑞兴医院有限公司翻建综合医疗大楼项目施工总承包工程,苏州吴江区盛泽镇西二环路西侧医院地块,苏州市苏州吴江区盛泽镇西二环路西侧医院地块,5998,房屋建筑,
506,苏州德亚纺织有限公司北地块（邻水湾景苑四期）35#~49#楼、10#配电房、12#配电房、地下车库,苏州市吴江区盛泽镇织庄路1333号邻水湾景苑,苏州市苏州市吴江区盛泽镇织庄路1333号邻水湾景苑,34257.97,房屋建筑,
507,国家先进功能纤维创新中心能力建设项目-PTA库,苏州市盛泽镇庄平村,苏州市苏州市盛泽镇庄平村,328.31,房屋建筑,
508,吴江高新区（盛泽镇）潜龙渠北侧3#地块住宅、商服用房项目二期,苏州市吴江区盛泽镇东至田前荡，南至澜溪二路，西至潜龙渠北侧2号地块，北至田前荡,苏州市苏州市吴江区盛泽镇东至田前荡，南至澜溪二路，西至潜龙渠北侧2号地块，北至田前荡,31982.9,房屋建筑,
509,"建设盛泽镇区域性养老服务中心工程（1号护理院（住院病房楼）,2号老年公寓,3号护理院（住院病房楼）,4号配套用房）",盛泽镇西二环路敬老院内,苏州市盛泽镇西二环路敬老院内,17299.89,房屋建筑,
510,吴江盛泽2×100MW级燃机热电联产工程项目(标段一）,江苏省苏州市吴江区盛泽镇,苏州市江苏省苏州市吴江区盛泽镇,19481,房屋建筑,
511,吴江盛泽2×100MW级燃机热电联产工程项目（标段二）,苏州吴江区盛泽镇庄平村,苏州市苏州吴江区盛泽镇庄平村,4553.45,房屋建筑,
512,吴江高新区（盛泽镇）白龙桥路东侧WJ-J-2019-023地块住宅项目,盛泽镇白龙桥路2588号,苏州市盛泽镇白龙桥路2588号,22782.88,房屋建筑,
514,"吴江高新区（盛泽镇）蚬子荡南侧3#地块住宅项目（1#,2#,3#,5#,7#,配电房1,地下车库B）",吴江区盛泽镇,苏州市吴江区盛泽镇,17530.48,房屋建筑,
515,蚬子荡南侧2#AB地块三期（汇景名苑）（7#~11#、16#~20#、21#社区用房、4#~7#配电房、地下车库（三））,吴江区盛泽镇舜湖西路北侧,苏州市吴江区盛泽镇舜湖西路北侧,36146.19,房屋建筑,
516,吴中路生活污水管网工程,吴江区吴中路,苏州市吴江区吴中路,412.68,市政工程,
517,盛泽镇2020年农村生活污水治理工程（南塘村、永和村、茅塔村,吴江区盛泽镇,苏州市吴江区盛泽镇,663.29,市政工程,
518,盛泽镇2020年农村生活污水治理工程（红洲村、杨扇村）项目,吴江区盛泽镇,苏州市吴江区盛泽镇,1494.98,市政工程,
519,",盛泽镇2020年农村生活污水治理工程（圣塘村、坝里村）",吴江区,苏州市吴江区,1315.25,市政工程,
520,盛泽镇南部片区生活污水管网工程（南三环路、秀水路）一标段,吴江区盛泽镇,苏州市吴江区盛泽镇,1694.65,市政工程,
521,盛泽镇2019年第三批雨污分流综合改造工程（怀远路华生公房等）,吴江区盛泽镇,苏州市吴江区盛泽镇,1373.25,市政工程,
522,盛泽镇南部工业区4万吨/日污水处理及中水回用工程施工总承包,盛吴江区泽镇科技路以南、师古桥以东,苏州市盛吴江区泽镇科技路以南、师古桥以东,7830.08,房屋建筑,
523,盛泽镇2019年第三批雨污分流综合改造工程（影剧弄小区等）,吴江区盛泽镇,苏州市吴江区盛泽镇,1570.63,市政工程,
524,盛泽镇南部片区生活污水管网工程（南三环路、秀水路）二标段,吴江区盛泽镇,苏州市吴江区盛泽镇,1942.79,市政工程,
525,盛泽镇2019年第三批雨污分流综合改造工程（桥北新村一区等）,吴江区盛泽镇,苏州市吴江区盛泽镇,1526.37,市政工程,
526,桥北社区生活污水处理厂5000吨每日扩建工程,吴江区盛泽镇桥北荡南侧、盛家港泵站东侧,苏州市吴江区盛泽镇桥北荡南侧、盛家港泵站东侧,1281.38,市政工程,
527,鹰翔庄园及周边雨污分流综合改造工程,盛泽镇,苏州市盛泽镇,1035.28,市政工程,
13,新增建设年产工程机械部件2万套项目（一标段）,吴江市同津大道东侧、新字路北侧,苏州市吴江市同津大道东侧、新字路北侧,3315,房屋建筑,未挂上
39,吴江运东WJ-J-2020-012地块项目三期(1#楼--4#楼、8#楼--10#楼、14#楼、15#楼、19#楼、20#楼、24#--26#楼、（P2变电所、工具间）P3变电所、垃圾清洁房、门卫二、地下车库（三期））),吴江区太湖大道北侧、庞山路东侧,苏州市吴江区太湖大道北侧、庞山路东侧,22536,房屋建筑,未挂上
50,新建厂房15000平方米（不用于化工生产）项目（新建车间一),吴江区震泽镇工业开发区新乐路1158号,苏州市吴江区震泽镇工业开发区新乐路1158号,668,房屋建筑,未挂上
59,"吴江开发区（同里镇）庞东路东侧栅桥路南侧地块（WJ-J-2020-019）一期33-44#,D1#,D2#,垃圾收集站,地库一",吴江区庞东路东侧栅桥路南侧,苏州市吴江区庞东路东侧栅桥路南侧,66694.14,房屋建筑,未挂上
62,吴江运东WJ-J-2020-012地块项目二期(5-7#楼、11-13#楼、16-18#楼、21-23#楼、(P1#开关站、变电所)、P4#变电所、门卫一、地下车库）,东吴江区太湖大道北侧、庞山路东侧,苏州市东吴江区太湖大道北侧、庞山路东侧,24320,房屋建筑,未挂上
111,"新建厂房-新建厂房,门卫",吴江区益堂路北侧,苏州市吴江区益堂路北侧,2480,房屋建筑,未挂上
116,年产钢丝帘布裁断机22台,吴江区龙桥路东侧、益胜路南侧；白龙桥村、益胜路183号,苏州市吴江区龙桥路东侧、益胜路南侧；白龙桥村、益胜路183号,1000,房屋建筑,未挂上
117,吴江高级中学改扩建工程-综合教学楼工程,吴江区松陵镇中山北路801号,苏州市吴江区松陵镇中山北路801号,1907.87,房屋建筑,未挂上
118,明珠城9#地块1#、2#、5#、6#楼、地下车库（01区）、4#、5#配电房、3#门卫及垃圾房,吴江区江陵西路北、鲈乡北路西,苏州市吴江区江陵西路北、鲈乡北路西,12913,房屋建筑,未挂上
119,吴江高级中学改扩建工程—（南地块）艺体馆、食堂和（北地块）国际教育院土建工程,吴江区松陵镇中山北路801号,苏州市吴江区松陵镇中山北路801号,7349.53,房屋建筑,未挂上
124,锅炉房,八坼友谊工业园,苏州市八坼友谊工业园,263.16,房屋建筑,未挂上
128,苏州中学苏州湾校区土建施工总承包工程,吴江区太湖新城，中山南路以东、海沿漕以北、行船河以西、规划支路以南,苏州市吴江区太湖新城，中山南路以东、海沿漕以北、行船河以西、规划支路以南,55928.8,房屋建筑,未挂上
135,WJ-J-2017-015地块商服项目,吴江区七都镇沿湖路南侧、原庙港自来水厂地块,苏州市吴江区七都镇沿湖路南侧、原庙港自来水厂地块,3800,房屋建筑,未挂上
181,"年产168万件汽车零部件-车间,配电房",吴江区益胜路北侧,苏州市吴江区益胜路北侧,890,房屋建筑,未挂上
192,年产五金配件50万件（新建车间）项目,吴江区桃源镇开阳村,苏州市吴江区桃源镇开阳村,1578.55,房屋建筑,未挂上
197,内部装修-国讯新基物联（江苏）有限公司内部装修,江吴江区陵街道云创路229号2号楼四层,苏州市江吴江区陵街道云创路229号2号楼四层,70,装饰装修,未挂上
199,新建车间,吴江区桃源镇海润路399#,苏州市吴江区桃源镇海润路399#,166,房屋建筑,未挂上
247,江苏有线吴江分公司综合业务大楼项目,吴江区开平路以南，春兰街以东，夏蓉街以西,苏州市吴江区开平路以南，春兰街以东，夏蓉街以西,14686.54,房屋建筑,未挂上
258,步步高互联网软件园（高标准工业厂房）一标段,吴江区夏蓉街西侧，五方路北侧交叉口,苏州市吴江区夏蓉街西侧，五方路北侧交叉口,20091.39,房屋建筑,未挂上
264,太湖新城吴江联杨农贸市场南侧邻里中心地块施工总承包,吴江区东至锚锭路，南至中心路，西至鱼港路，北至思贤路,苏州市吴江区东至锚锭路，南至中心路，西至鱼港路，北至思贤路,25064.89,房屋建筑,未挂上
273,"东太湖大道南侧、夏蓉街西侧地块普通住宅项目-6#,7#,11#,5#,12#,13#,17#,18#,19#,22#,23#,25#,26#,27#,28#,29#,34#,35#,36#,40#,4",东吴江区太湖大道南侧、夏蓉街西侧地块,苏州市东吴江区太湖大道南侧、夏蓉街西侧地块,18888.81,房屋建筑,未挂上
277,"东太湖大道南侧、夏蓉街西侧地块普通住宅项目-49#,50#,51#,52#,53#,54#,55#,56#,57#,58#,59#,60#,106#,107#,108#,109#,110#,111#,",东吴江区太湖大道南侧、夏蓉街西侧地块,苏州市东吴江区太湖大道南侧、夏蓉街西侧地块,22273.75,房屋建筑,未挂上
278,"东太湖大道南侧、夏蓉街西侧地块普通住宅项目-61#,62#,63#,64#,65#,66#,67#,68#,69#,70#,71#,72#,73#,74#,75#,76#,77#,78#,79#,80",东吴江区太湖大道南侧、夏蓉街西侧地块,苏州市东吴江区太湖大道南侧、夏蓉街西侧地块,11692.63,房屋建筑,未挂上
280,"年产功能性聚酯薄膜、功能性塑料80万吨（B地块-1）-（BOPET车间一,BOPET车间三）",吴江区厍星路东侧、新黎路北侧,苏州市吴江区厍星路东侧、新黎路北侧,12511.62,房屋建筑,未挂上
281,年产功能性聚酯薄膜、功能性塑料80万吨（A地块）-BOPET车间五,吴江区厍星路东侧、新黎路北侧,苏州市吴江区厍星路东侧、新黎路北侧,6300,房屋建筑,未挂上
282,平望镇西新街及周边老旧小区改造工程,平吴江区望镇平运路、莺脰湖、西新街、荷花池、黄秧墩等,苏州市平吴江区望镇平运路、莺脰湖、西新街、荷花池、黄秧墩等,1041.12,装饰装修,未挂上
285,年产功能性聚酯薄膜、功能性塑料80万吨（A地块）（辅助车间一、辅助车间二、辅助车间三、辅助车间四、综合动力站、热媒MCC、总降站、污水处理站、热媒泵房）,吴江区厍星路东侧、新黎路北侧,苏州市吴江区厍星路东侧、新黎路北侧,10642.85,房屋建筑,未挂上
289,年产功能性聚酯薄膜、功能性塑料80万吨 (B地块-1)（BOPET车间二、BOPET车间四）,吴江区厍星路东侧、新黎路北侧,苏州市吴江区厍星路东侧、新黎路北侧,12500,房屋建筑,未挂上
292,年产功能性聚酯薄膜、功能性塑料80万吨（A地块）（BOPET车间六）,吴江区厍星路东侧、新黎路北侧,苏州市吴江区厍星路东侧、新黎路北侧,6031,房屋建筑,未挂上
294,年产光电子集成芯片 1500 万片（一 期：食堂）,吴江区汾湖高新区新黎路南侧,苏州市吴江区汾湖高新区新黎路南侧,650,房屋建筑,未挂上
299,WJ-J-2019-024、WJ-J-2019-025地块住宅项目二期工程总承包,吴江区汾湖高新区（黎里镇）洋砂荡东,苏州市吴江区汾湖高新区（黎里镇）洋砂荡东,25911.25,房屋建筑,未挂上
317,5#车间、危废品库,汾吴江区湖高新区新黎路北侧、常嘉高速西侧,苏州市汾吴江区湖高新区新黎路北侧、常嘉高速西侧,2018,房屋建筑,未挂上
319,"WJ-J-2020-025地块商住项目(1#-17#,S1#-S3#配套用房,地下车库)",吴江区杨清河路南侧，城司路北侧，海南路东侧，江苏路西侧,苏州市吴江区杨清河路南侧，城司路北侧，海南路东侧，江苏路西侧,27740.34,房屋建筑,未挂上
322,大型购物中心及商务楼项目-吴江金鼎世纪购物广场B楼,吴江市汾湖镇芦莘大道以东-城司路以北,苏州市吴江市汾湖镇芦莘大道以东-城司路以北,12500,房屋建筑,未挂上
323,苏州市吴江汾湖高新区WJ-J-2020-26号地块(1-14#楼、A1-A3#楼、地下车库),吴江区汾湖高新区(黎里镇)工力铸造地块,苏州市吴江区汾湖高新区(黎里镇)工力铸造地块,23555.45,房屋建筑,未挂上
324,年产光电子集成芯片1500万片（一期：厂房一、仓库、门卫（一）、泵房水池）,吴江区汾湖高新区新黎路南侧,苏州市吴江区汾湖高新区新黎路南侧,10073.86,房屋建筑,未挂上
329,苏州市吴江汾湖高新区WJ-J-2020-26号地块（15#楼）,汾吴江区湖高新区（黎里镇）工力铸造地块,苏州市汾吴江区湖高新区（黎里镇）工力铸造地块,371.77,房屋建筑,未挂上
335,2#饮品车间、3#污水处理池,吴江区黎里镇临沪中路南侧文昌路168号,苏州市吴江区黎里镇临沪中路南侧文昌路168号,2400,房屋建筑,未挂上
336,平望康养中心项目,吴江区平望镇梅堰社区頔塘河南侧,苏州市吴江区平望镇梅堰社区頔塘河南侧,8593.41,房屋建筑,未挂上
363,年产智能多适应转杯纺纱机66台-车间,吴江区黎里镇越秀路北侧,苏州市吴江区黎里镇越秀路北侧,5500,房屋建筑,未挂上
370,汾湖高新技术产业开发区新友花苑二期北地块工程,吴江区汾湖高新区区域内,苏州市吴江区汾湖高新区区域内,28126.57,房屋建筑,未挂上
376,新建半导体生产厂房等项目-(4座气站、5座仓库、1栋门卫、事故池1和2、埋地油罐基础、产品检验楼）,吴江区汾湖高新区新黎路北侧来秀路东侧,苏州市吴江区汾湖高新区新黎路北侧来秀路东侧,9998.72,房屋建筑,未挂上
379,WJ-J-2018-022地块住宅项目（6#住宅、14#住宅）,平吴江区望镇新百盛路东混水路南侧,苏州市平吴江区望镇新百盛路东混水路南侧,1738.76,房屋建筑,未挂上
403,黎里周宫傅路道路工程建设项目-黎里周宫傅路道路工程,吴江区汾湖高新区黎里区域内,苏州市吴江区汾湖高新区黎里区域内,372.78,市政工程,未挂上
445,吴江区 2019-2020 年高质量推进城乡生活污水治理工程（市政集团第一期）-富乡大道、麻溪路,吴江区桃源镇,苏州市吴江区桃源镇,796.94,市政工程,未挂上
453,"吴江高新区（盛泽镇）绸都大道西侧1#地块住宅项目-1号楼,2号楼,3号楼,4号楼,5号楼,6号楼,7号楼,8号楼,9号楼,清洁屋1,清洁屋2,1号配电房,2号配电房,3号配电房,门卫,地下车库",吴江高新区（盛泽镇）绸都大道西侧1#地块,苏州市吴江高新区（盛泽镇）绸都大道西侧1#地块,46164.98,房屋建筑,未挂上
476,学之客栈景点工程,吴江区盛泽大道与东方中路交叉口东北侧,苏州市吴江区盛泽大道与东方中路交叉口东北侧,4448.02,房屋建筑,未挂上
501,"吴江高新区（盛泽镇）绸都大道西侧2#地块住宅项目-2号楼,4号楼,7号楼,9号楼,10号楼,门卫,清洁屋1,1号配电房,地下室车库二标段",吴江高新区（盛泽镇）绸都大道西侧2#地块,苏州市吴江高新区（盛泽镇）绸都大道西侧2#地块,35935.3,房屋建筑,未挂上
502,"吴江高新区（盛泽镇）绸都大道西侧2#地块住宅项目-3号楼,5号楼,6号楼,8号楼,11号楼,2号配电房,3号配电房,清洁屋2,地下车库一标段",吴江盛泽镇绸都大道西侧舜湖西路南侧2#地块,苏州市吴江盛泽镇绸都大道西侧舜湖西路南侧2#地块,31656.09,房屋建筑,未挂上
513,吴江高新区（盛泽镇）蚬子荡南侧3#地块住宅项目-6#、8#~11#、配电房2、垃圾房、地库A,苏州市吴江区高新区（盛泽镇）蚬子荡南侧3#地块,苏州市苏州市吴江区高新区（盛泽镇）蚬子荡南侧3#地块,16300,房屋建筑,未挂上
